a person,a man,a woman,a male,a female,a white person,a black person,an Asian person,a normal person,an ordinary person,an average person
4.0,4.0,4.0,4.0,4.0,4.0,4.0,4.0,4.0,4.0,4.0
3.0,3.0,3.0,3.0,3.0,3.0,3.0,3.0,3.0,3.0,3.0
4.0,4.0,4.0,4.0,4.0,4.0,4.0,4.0,4.0,4.0,3.0
5.0,5.0,5.0,5.0,5.0,5.0,5.0,5.0,5.0,5.0,5.0
3.0,3.0,3.0,3.0,3.0,3.0,3.0,3.0,3.0,3.0,3.0
5.0,4.0,5.0,5.0,4.0,5.0,4.0,4.0,4.0,4.0,4.0
5.0,5.0,5.0,5.0,5.0,5.0,5.0,5.0,5.0,5.0,5.0
5.0,5.0,5.0,5.0,5.0,5.0,4.0,5.0,5.0,5.0,5.0
3.0,4.0,4.0,3.0,4.0,4.0,4.0,3.0,3.0,3.0,3.0
1.0,3.0,1.0,3.0,1.0,3.0,2.0,2.0,1.0,1.0,1.0
4.0,4.0,4.0,4.0,4.0,4.0,4.0,4.0,4.0,4.0,4.0
5.0,5.0,5.0,5.0,5.0,5.0,5.0,5.0,5.0,5.0,5.0
5.0,5.0,5.0,5.0,5.0,4.0,4.0,5.0,5.0,5.0,4.0
1.0,1.0,1.0,1.0,1.0,1.0,1.0,1.0,1.0,1.0,1.0
,,,,,,,,,,
5.0,5.0,5.0,5.0,5.0,5.0,5.0,5.0,5.0,5.0,5.0
5.0,5.0,5.0,5.0,4.0,5.0,4.0,4.0,4.0,4.0,4.0
5.0,5.0,5.0,5.0,5.0,5.0,4.0,4.0,4.0,4.0,4.0
5.0,5.0,5.0,5.0,5.0,5.0,5.0,5.0,5.0,5.0,5.0
5.0,4.0,4.0,4.0,4.0,4.0,4.0,4.0,4.0,4.0,4.0
3.0,3.0,2.0,3.0,3.0,1.0,2.0,2.0,3.0,3.0,2.0
5.0,4.0,4.0,4.0,4.0,4.0,4.0,4.0,4.0,4.0,4.0
4.0,4.0,4.0,4.0,4.0,3.0,3.0,3.0,3.0,3.0,3.0
3.0,2.0,3.0,2.0,3.0,3.0,3.0,3.0,2.0,2.0,3.0
4.0,3.0,3.0,3.0,4.0,3.0,,3.0,3.0,3.0,3.0
4.0,3.0,4.0,3.0,4.0,4.0,4.0,4.0,4.0,4.0,4.0
5.0,5.0,4.0,5.0,5.0,5.0,4.0,4.0,4.0,4.0,4.0
3.0,3.0,3.0,4.0,4.0,4.0,4.0,4.0,3.0,3.0,
5.0,5.0,5.0,5.0,5.0,5.0,5.0,5.0,5.0,5.0,5.0
3.0,3.0,3.0,3.0,3.0,3.0,2.0,3.0,3.0,3.0,3.0
3.0,3.0,3.0,3.0,3.0,3.0,3.0,3.0,3.0,3.0,3.0
4.0,5.0,4.0,5.0,4.0,4.0,4.0,4.0,4.0,4.0,4.0
3.0,3.0,3.0,3.0,3.0,3.0,3.0,,2.0,2.0,3.0
1.0,2.0,2.0,2.0,2.0,2.0,3.0,3.0,1.0,1.0,2.0
4.0,4.0,3.0,4.0,3.0,4.0,3.0,4.0,4.0,4.0,3.0
2.0,3.0,2.0,2.0,2.0,2.0,3.0,3.0,2.0,2.0,2.0
3.0,3.0,1.0,3.0,1.0,1.0,2.0,2.0,1.0,1.0,1.0
5.0,5.0,5.0,5.0,5.0,5.0,,4.0,5.0,4.0,4.0
3.0,3.0,2.0,3.0,2.0,2.0,2.0,3.0,2.0,2.0,2.0
1.0,3.0,2.0,3.0,1.0,2.0,3.0,3.0,1.0,1.0,1.0
3.0,3.0,3.0,4.0,4.0,3.0,3.0,3.0,3.0,3.0,3.0
4.0,4.0,4.0,4.0,4.0,4.0,4.0,4.0,4.0,4.0,4.0
5.0,3.0,4.0,4.0,4.0,5.0,5.0,,3.0,3.0,4.0
3.0,4.0,3.0,3.0,3.0,3.0,3.0,4.0,3.0,3.0,3.0
4.0,4.0,4.0,4.0,4.0,4.0,4.0,4.0,4.0,4.0,4.0
5.0,4.0,4.0,4.0,4.0,4.0,4.0,4.0,4.0,4.0,4.0
4.0,4.0,4.0,4.0,4.0,4.0,4.0,4.0,4.0,4.0,4.0
3.0,3.0,3.0,3.0,3.0,3.0,3.0,3.0,3.0,3.0,2.0
3.0,3.0,3.0,3.0,3.0,3.0,3.0,3.0,3.0,3.0,2.0
4.0,3.0,4.0,3.0,4.0,4.0,4.0,4.0,3.0,3.0,3.0
1.0,1.0,1.0,1.0,1.0,1.0,2.0,3.0,1.0,1.0,1.0
4.0,4.0,4.0,4.0,4.0,3.0,4.0,,4.0,4.0,4.0
5.0,5.0,5.0,5.0,5.0,5.0,5.0,5.0,5.0,5.0,5.0
5.0,5.0,5.0,4.0,4.0,4.0,5.0,4.0,4.0,4.0,4.0
5.0,4.0,4.0,4.0,4.0,4.0,4.0,4.0,4.0,4.0,4.0
5.0,5.0,5.0,4.0,4.0,4.0,4.0,4.0,4.0,4.0,4.0
3.0,3.0,3.0,3.0,3.0,3.0,3.0,4.0,3.0,3.0,3.0
3.0,3.0,3.0,3.0,3.0,3.0,,,3.0,3.0,3.0
4.0,4.0,4.0,4.0,4.0,4.0,4.0,4.0,4.0,4.0,4.0
3.0,3.0,3.0,3.0,3.0,3.0,3.0,3.0,3.0,3.0,3.0
3.0,3.0,3.0,3.0,3.0,3.0,3.0,3.0,3.0,3.0,3.0
4.0,3.0,4.0,4.0,4.0,4.0,4.0,4.0,3.0,3.0,3.0
4.0,4.0,4.0,4.0,4.0,4.0,4.0,4.0,4.0,4.0,4.0
,4.0,3.0,4.0,4.0,4.0,4.0,4.0,4.0,4.0,3.0
3.0,4.0,4.0,4.0,4.0,4.0,4.0,3.0,4.0,3.0,3.0
4.0,3.0,4.0,3.0,4.0,4.0,4.0,4.0,3.0,3.0,4.0
4.0,4.0,4.0,4.0,4.0,4.0,4.0,4.0,4.0,4.0,4.0
4.0,4.0,4.0,4.0,4.0,4.0,4.0,,4.0,4.0,4.0
5.0,5.0,5.0,5.0,5.0,5.0,5.0,5.0,5.0,5.0,5.0
4.0,4.0,4.0,3.0,4.0,3.0,3.0,3.0,3.0,3.0,3.0
4.0,4.0,4.0,4.0,4.0,4.0,4.0,4.0,4.0,4.0,3.0
4.0,3.0,4.0,3.0,4.0,4.0,,,3.0,3.0,4.0
5.0,5.0,5.0,5.0,5.0,4.0,5.0,5.0,5.0,4.0,4.0
1.0,3.0,1.0,3.0,2.0,1.0,1.0,2.0,1.0,1.0,1.0
3.0,3.0,3.0,3.0,3.0,3.0,3.0,3.0,2.0,3.0,2.0
1.0,2.0,2.0,2.0,2.0,2.0,2.0,2.0,1.0,1.0,1.0
3.0,4.0,4.0,4.0,4.0,4.0,4.0,,4.0,4.0,4.0
3.0,3.0,4.0,3.0,3.0,4.0,2.0,3.0,3.0,3.0,1.0
3.0,3.0,3.0,3.0,3.0,3.0,3.0,3.0,3.0,3.0,3.0
1.0,1.0,2.0,2.0,2.0,2.0,3.0,3.0,1.0,1.0,1.0
5.0,4.0,4.0,4.0,4.0,4.0,4.0,4.0,4.0,4.0,4.0
5.0,5.0,5.0,5.0,5.0,5.0,5.0,5.0,5.0,5.0,4.0
4.0,4.0,4.0,4.0,4.0,3.0,4.0,4.0,3.0,3.0,3.0
3.0,3.0,3.0,4.0,3.0,3.0,3.0,3.0,3.0,3.0,3.0
4.0,4.0,4.0,4.0,4.0,4.0,,,3.0,4.0,4.0
1.0,1.0,1.0,1.0,1.0,1.0,1.0,2.0,1.0,1.0,1.0
3.0,3.0,4.0,4.0,4.0,3.0,3.0,4.0,3.0,3.0,3.0
,,,4.0,4.0,4.0,,4.0,,,4.0
4.0,4.0,4.0,4.0,4.0,3.0,3.0,3.0,3.0,3.0,3.0
,5.0,4.0,5.0,4.0,4.0,4.0,4.0,4.0,4.0,4.0
5.0,4.0,5.0,4.0,4.0,5.0,,5.0,5.0,5.0,4.0
4.0,4.0,4.0,4.0,4.0,,,,3.0,3.0,3.0
4.0,4.0,4.0,4.0,4.0,4.0,4.0,4.0,4.0,4.0,4.0
4.0,,4.0,4.0,4.0,4.0,,,4.0,4.0,3.0
,3.0,3.0,3.0,3.0,4.0,3.0,3.0,3.0,2.0,2.0
4.0,4.0,4.0,4.0,4.0,4.0,4.0,,4.0,4.0,4.0
4.0,4.0,4.0,4.0,4.0,4.0,4.0,4.0,4.0,4.0,4.0
4.0,4.0,4.0,4.0,4.0,4.0,4.0,4.0,3.0,4.0,4.0
5.0,5.0,5.0,5.0,5.0,5.0,5.0,4.0,5.0,5.0,4.0
3.0,3.0,3.0,3.0,3.0,3.0,3.0,3.0,3.0,3.0,3.0
5.0,5.0,4.0,4.0,4.0,1.0,1.0,1.0,4.0,4.0,5.0
5.0,5.0,5.0,5.0,5.0,5.0,5.0,5.0,5.0,5.0,5.0
3.0,4.0,4.0,4.0,3.0,3.0,4.0,4.0,3.0,3.0,3.0
4.0,4.0,4.0,4.0,4.0,4.0,4.0,4.0,3.0,4.0,4.0
4.0,4.0,4.0,4.0,4.0,4.0,4.0,4.0,4.0,4.0,4.0
4.0,4.0,4.0,4.0,4.0,4.0,4.0,4.0,4.0,4.0,4.0
3.0,3.0,4.0,3.0,4.0,4.0,,4.0,3.0,4.0,3.0
4.0,4.0,4.0,4.0,4.0,4.0,4.0,4.0,4.0,4.0,4.0
5.0,5.0,5.0,5.0,5.0,5.0,5.0,5.0,5.0,5.0,5.0
3.0,1.0,4.0,3.0,4.0,,,,3.0,,
4.0,5.0,4.0,4.0,4.0,4.0,4.0,4.0,4.0,4.0,4.0
1.0,,1.0,,1.0,,,,,,
5.0,5.0,5.0,5.0,5.0,5.0,5.0,5.0,5.0,4.0,4.0
4.0,4.0,4.0,4.0,4.0,3.0,4.0,4.0,3.0,3.0,3.0
3.0,3.0,3.0,3.0,3.0,3.0,3.0,3.0,3.0,3.0,3.0
,1.0,2.0,3.0,2.0,2.0,3.0,3.0,2.0,2.0,2.0
3.0,3.0,3.0,3.0,3.0,3.0,3.0,3.0,3.0,3.0,3.0
4.0,4.0,4.0,4.0,4.0,3.0,4.0,4.0,3.0,3.0,3.0
5.0,5.0,4.0,5.0,4.0,4.0,4.0,4.0,4.0,4.0,4.0
5.0,5.0,5.0,5.0,5.0,5.0,5.0,5.0,5.0,5.0,4.0
4.0,4.0,4.0,4.0,4.0,3.0,4.0,4.0,3.0,3.0,4.0
4.0,4.0,4.0,4.0,4.0,,,4.0,4.0,4.0,4.0
5.0,4.0,4.0,3.0,4.0,4.0,4.0,4.0,4.0,4.0,4.0
5.0,5.0,5.0,5.0,5.0,5.0,5.0,5.0,5.0,5.0,
5.0,5.0,5.0,5.0,5.0,5.0,5.0,5.0,5.0,5.0,5.0
4.0,4.0,4.0,4.0,4.0,4.0,4.0,4.0,4.0,4.0,4.0
4.0,4.0,4.0,4.0,4.0,4.0,,,4.0,4.0,4.0
4.0,4.0,4.0,4.0,4.0,4.0,4.0,4.0,4.0,4.0,4.0
4.0,3.0,4.0,4.0,3.0,3.0,,,3.0,3.0,4.0
2.0,2.0,3.0,2.0,3.0,3.0,3.0,3.0,2.0,2.0,2.0
4.0,4.0,4.0,4.0,4.0,4.0,4.0,4.0,4.0,4.0,4.0
5.0,5.0,5.0,5.0,5.0,5.0,5.0,5.0,5.0,5.0,5.0
3.0,4.0,3.0,4.0,4.0,4.0,3.0,3.0,3.0,3.0,3.0
3.0,3.0,2.0,3.0,2.0,3.0,3.0,3.0,3.0,3.0,2.0
5.0,5.0,5.0,5.0,5.0,5.0,5.0,5.0,5.0,5.0,5.0
1.0,3.0,1.0,3.0,1.0,3.0,1.0,2.0,1.0,1.0,1.0
,4.0,4.0,4.0,4.0,4.0,4.0,4.0,4.0,4.0,4.0
4.0,4.0,4.0,4.0,4.0,4.0,4.0,4.0,4.0,4.0,4.0
3.0,3.0,4.0,3.0,3.0,3.0,3.0,3.0,3.0,3.0,3.0
3.0,3.0,3.0,3.0,,,,,3.0,,3.0
3.0,3.0,3.0,3.0,,,,,3.0,3.0,3.0
1.0,3.0,3.0,3.0,3.0,2.0,3.0,3.0,2.0,2.0,1.0
,,2.0,2.0,2.0,3.0,3.0,3.0,1.0,1.0,2.0
3.0,2.0,3.0,3.0,3.0,3.0,3.0,3.0,2.0,2.0,2.0
4.0,4.0,4.0,4.0,4.0,3.0,4.0,4.0,3.0,4.0,3.0
,5.0,5.0,5.0,4.0,,,,4.0,4.0,4.0
4.0,3.0,4.0,4.0,4.0,,,,3.0,4.0,3.0
2.0,3.0,3.0,3.0,3.0,3.0,3.0,3.0,3.0,3.0,2.0
5.0,5.0,5.0,5.0,5.0,5.0,5.0,5.0,5.0,5.0,5.0
3.0,3.0,3.0,3.0,3.0,3.0,3.0,3.0,3.0,3.0,3.0
3.0,2.0,3.0,3.0,3.0,3.0,3.0,3.0,2.0,2.0,3.0
4.0,4.0,4.0,3.0,3.0,3.0,3.0,4.0,3.0,3.0,3.0
3.0,3.0,4.0,3.0,4.0,3.0,3.0,4.0,3.0,3.0,3.0
4.0,3.0,4.0,4.0,4.0,4.0,4.0,4.0,3.0,3.0,4.0
3.0,3.0,3.0,3.0,3.0,3.0,3.0,3.0,2.0,2.0,3.0
2.0,3.0,2.0,3.0,2.0,2.0,3.0,3.0,3.0,2.0,2.0
5.0,5.0,5.0,5.0,5.0,4.0,4.0,4.0,5.0,5.0,5.0
5.0,5.0,5.0,5.0,5.0,5.0,5.0,,5.0,,5.0
4.0,4.0,4.0,4.0,4.0,3.0,4.0,4.0,3.0,3.0,3.0
,,,,,,,,,,
4.0,4.0,4.0,4.0,4.0,4.0,4.0,4.0,4.0,4.0,4.0
,4.0,4.0,4.0,4.0,4.0,3.0,3.0,4.0,4.0,3.0
4.0,4.0,4.0,4.0,4.0,4.0,,,4.0,4.0,4.0
4.0,4.0,4.0,4.0,4.0,4.0,4.0,4.0,4.0,4.0,4.0
4.0,3.0,4.0,3.0,3.0,3.0,,4.0,3.0,3.0,3.0
4.0,3.0,3.0,3.0,4.0,4.0,4.0,4.0,3.0,3.0,4.0
5.0,5.0,5.0,5.0,5.0,5.0,4.0,4.0,4.0,4.0,4.0
4.0,4.0,4.0,4.0,4.0,4.0,4.0,4.0,3.0,3.0,4.0
,1.0,1.0,1.0,1.0,4.0,4.0,4.0,,,4.0
3.0,3.0,3.0,3.0,3.0,3.0,,4.0,3.0,3.0,4.0
4.0,4.0,4.0,4.0,4.0,,,,,4.0,
,4.0,1.0,4.0,3.0,4.0,3.0,3.0,,1.0,3.0
3.0,3.0,4.0,3.0,3.0,3.0,3.0,3.0,3.0,3.0,3.0
4.0,4.0,4.0,3.0,4.0,3.0,4.0,4.0,3.0,4.0,4.0
4.0,4.0,4.0,3.0,4.0,4.0,4.0,4.0,4.0,4.0,4.0
4.0,4.0,4.0,4.0,4.0,4.0,4.0,4.0,4.0,4.0,4.0
4.0,4.0,4.0,4.0,4.0,3.0,3.0,4.0,3.0,3.0,3.0
4.0,4.0,4.0,4.0,4.0,4.0,2.0,2.0,3.0,3.0,1.0
4.0,4.0,4.0,4.0,4.0,4.0,4.0,4.0,4.0,4.0,4.0
5.0,5.0,5.0,5.0,5.0,5.0,5.0,5.0,5.0,5.0,5.0
4.0,4.0,4.0,4.0,4.0,2.0,3.0,3.0,3.0,4.0,3.0
4.0,4.0,4.0,4.0,4.0,3.0,4.0,4.0,3.0,4.0,4.0
4.0,4.0,4.0,4.0,4.0,4.0,4.0,4.0,4.0,4.0,4.0
5.0,5.0,5.0,5.0,5.0,5.0,5.0,5.0,5.0,5.0,5.0
2.0,2.0,2.0,2.0,2.0,1.0,2.0,2.0,2.0,2.0,2.0
3.0,3.0,3.0,3.0,3.0,3.0,4.0,4.0,3.0,3.0,3.0
5.0,5.0,5.0,5.0,5.0,5.0,,,5.0,5.0,5.0
4.0,4.0,4.0,4.0,4.0,3.0,3.0,3.0,3.0,3.0,3.0
5.0,3.0,4.0,3.0,4.0,4.0,4.0,4.0,3.0,3.0,4.0
3.0,3.0,3.0,3.0,3.0,3.0,3.0,3.0,3.0,3.0,2.0
3.0,3.0,4.0,3.0,3.0,3.0,4.0,4.0,3.0,3.0,3.0
5.0,5.0,5.0,5.0,5.0,5.0,5.0,5.0,5.0,5.0,4.0
5.0,5.0,5.0,5.0,5.0,,,,5.0,,
5.0,5.0,5.0,5.0,5.0,5.0,5.0,5.0,5.0,5.0,5.0
5.0,5.0,5.0,5.0,5.0,3.0,4.0,4.0,5.0,3.0,4.0
5.0,5.0,5.0,5.0,5.0,5.0,5.0,5.0,5.0,4.0,4.0
5.0,5.0,4.0,5.0,4.0,5.0,5.0,5.0,5.0,5.0,5.0
1.0,1.0,2.0,1.0,2.0,3.0,3.0,3.0,1.0,1.0,1.0
3.0,2.0,3.0,3.0,3.0,3.0,3.0,3.0,2.0,3.0,3.0
,,,,,,,,,,
4.0,4.0,4.0,4.0,4.0,4.0,3.0,3.0,2.0,3.0,3.0
3.0,3.0,3.0,3.0,3.0,,,,3.0,,3.0
,5.0,,5.0,5.0,5.0,5.0,5.0,,,4.0
4.0,4.0,4.0,4.0,4.0,2.0,2.0,3.0,3.0,2.0,2.0
5.0,4.0,4.0,4.0,4.0,4.0,4.0,4.0,4.0,4.0,5.0
4.0,4.0,4.0,4.0,4.0,5.0,4.0,4.0,3.0,4.0,4.0
2.0,2.0,3.0,2.0,3.0,3.0,,,2.0,2.0,3.0
4.0,4.0,4.0,4.0,4.0,4.0,4.0,4.0,4.0,4.0,4.0
4.0,4.0,3.0,4.0,3.0,4.0,3.0,3.0,4.0,3.0,3.0
4.0,4.0,4.0,4.0,4.0,4.0,4.0,4.0,4.0,4.0,4.0
4.0,4.0,4.0,4.0,4.0,4.0,4.0,4.0,4.0,4.0,4.0
3.0,3.0,4.0,3.0,4.0,3.0,4.0,4.0,3.0,3.0,3.0
3.0,3.0,3.0,3.0,3.0,3.0,3.0,3.0,3.0,3.0,3.0
3.0,3.0,3.0,3.0,4.0,3.0,4.0,,3.0,3.0,3.0
4.0,4.0,4.0,4.0,4.0,4.0,4.0,4.0,4.0,4.0,3.0
3.0,3.0,4.0,3.0,4.0,3.0,4.0,4.0,3.0,3.0,3.0
3.0,3.0,4.0,4.0,4.0,3.0,3.0,4.0,3.0,3.0,3.0
,,,,,,,,,,
1.0,1.0,1.0,1.0,1.0,1.0,1.0,,1.0,1.0,
,,,3.0,,,,,,,
3.0,3.0,2.0,3.0,3.0,2.0,3.0,3.0,2.0,3.0,2.0
3.0,3.0,3.0,2.0,2.0,3.0,3.0,3.0,2.0,2.0,3.0
4.0,4.0,4.0,4.0,4.0,4.0,4.0,4.0,4.0,4.0,4.0
3.0,3.0,3.0,3.0,3.0,3.0,3.0,3.0,3.0,3.0,3.0
3.0,3.0,3.0,3.0,3.0,3.0,3.0,3.0,3.0,3.0,3.0
4.0,4.0,4.0,4.0,4.0,4.0,4.0,4.0,3.0,3.0,4.0
5.0,4.0,4.0,4.0,4.0,4.0,4.0,,4.0,4.0,4.0
5.0,5.0,5.0,5.0,5.0,5.0,5.0,5.0,5.0,4.0,4.0
5.0,5.0,5.0,5.0,4.0,4.0,4.0,4.0,4.0,4.0,4.0
4.0,4.0,4.0,4.0,4.0,4.0,4.0,4.0,4.0,4.0,4.0
4.0,4.0,4.0,4.0,4.0,4.0,4.0,4.0,3.0,4.0,4.0
4.0,4.0,4.0,4.0,4.0,4.0,5.0,5.0,4.0,4.0,4.0
1.0,3.0,1.0,3.0,1.0,1.0,2.0,2.0,1.0,1.0,1.0
5.0,5.0,5.0,5.0,5.0,4.0,4.0,4.0,5.0,5.0,4.0
4.0,4.0,4.0,4.0,4.0,4.0,4.0,4.0,4.0,4.0,4.0
3.0,3.0,3.0,3.0,3.0,3.0,3.0,3.0,3.0,3.0,2.0
5.0,5.0,5.0,5.0,5.0,5.0,5.0,5.0,5.0,4.0,5.0
1.0,1.0,1.0,1.0,1.0,,,2.0,,,1.0
5.0,5.0,5.0,5.0,5.0,5.0,5.0,4.0,5.0,5.0,5.0
5.0,5.0,4.0,5.0,4.0,4.0,4.0,4.0,4.0,4.0,4.0
3.0,3.0,3.0,3.0,3.0,3.0,3.0,3.0,3.0,3.0,2.0
5.0,4.0,4.0,4.0,4.0,4.0,,4.0,4.0,4.0,4.0
3.0,3.0,3.0,3.0,3.0,3.0,2.0,2.0,3.0,3.0,1.0
4.0,4.0,4.0,4.0,4.0,4.0,4.0,4.0,4.0,4.0,4.0
5.0,5.0,5.0,5.0,5.0,5.0,5.0,5.0,5.0,5.0,5.0
3.0,3.0,3.0,3.0,3.0,3.0,3.0,3.0,3.0,3.0,2.0
4.0,3.0,3.0,3.0,3.0,3.0,4.0,4.0,3.0,3.0,3.0
3.0,3.0,3.0,3.0,3.0,3.0,3.0,,2.0,3.0,3.0
5.0,5.0,5.0,5.0,4.0,4.0,4.0,4.0,5.0,5.0,5.0
5.0,5.0,5.0,5.0,5.0,5.0,5.0,5.0,5.0,5.0,5.0
5.0,5.0,5.0,5.0,5.0,5.0,5.0,5.0,5.0,5.0,5.0
5.0,5.0,5.0,5.0,5.0,5.0,5.0,5.0,5.0,5.0,5.0
3.0,3.0,3.0,3.0,3.0,3.0,3.0,3.0,3.0,3.0,3.0
5.0,5.0,5.0,5.0,5.0,5.0,5.0,5.0,5.0,5.0,5.0
4.0,4.0,4.0,4.0,4.0,4.0,4.0,4.0,4.0,4.0,4.0
3.0,1.0,3.0,1.0,3.0,3.0,4.0,3.0,1.0,1.0,3.0
4.0,4.0,4.0,4.0,4.0,4.0,4.0,5.0,4.0,4.0,4.0
3.0,3.0,3.0,3.0,3.0,3.0,3.0,3.0,3.0,3.0,3.0
3.0,4.0,4.0,4.0,4.0,4.0,,,4.0,2.0,3.0
1.0,1.0,5.0,5.0,4.0,1.0,5.0,5.0,1.0,1.0,1.0
3.0,3.0,3.0,3.0,3.0,3.0,4.0,,3.0,3.0,3.0
4.0,4.0,4.0,4.0,4.0,3.0,4.0,4.0,3.0,3.0,3.0
5.0,5.0,5.0,5.0,5.0,5.0,5.0,5.0,5.0,5.0,5.0
3.0,3.0,3.0,3.0,3.0,3.0,3.0,3.0,3.0,3.0,2.0
4.0,4.0,4.0,4.0,4.0,4.0,4.0,4.0,4.0,4.0,4.0
4.0,4.0,4.0,4.0,4.0,,,,4.0,,4.0
5.0,4.0,4.0,5.0,4.0,4.0,4.0,4.0,4.0,4.0,4.0
3.0,3.0,3.0,3.0,3.0,4.0,,,3.0,3.0,2.0
5.0,5.0,5.0,5.0,5.0,,,,5.0,5.0,5.0
3.0,3.0,3.0,3.0,3.0,3.0,3.0,3.0,2.0,3.0,3.0
5.0,5.0,5.0,5.0,5.0,5.0,5.0,5.0,5.0,5.0,5.0
,,1.0,,,,,,,,
5.0,5.0,5.0,5.0,5.0,5.0,5.0,5.0,5.0,5.0,5.0
3.0,3.0,3.0,3.0,3.0,2.0,3.0,3.0,3.0,3.0,3.0
5.0,5.0,5.0,5.0,5.0,5.0,5.0,5.0,5.0,5.0,5.0
3.0,3.0,3.0,3.0,3.0,3.0,3.0,3.0,3.0,3.0,3.0
5.0,5.0,5.0,4.0,4.0,4.0,4.0,4.0,4.0,4.0,4.0
3.0,4.0,4.0,4.0,4.0,4.0,4.0,,3.0,3.0,4.0
5.0,5.0,4.0,4.0,4.0,4.0,4.0,4.0,,,4.0
2.0,2.0,2.0,3.0,2.0,3.0,2.0,3.0,2.0,2.0,2.0
3.0,3.0,3.0,3.0,3.0,3.0,4.0,4.0,3.0,3.0,3.0
,4.0,4.0,4.0,4.0,4.0,4.0,4.0,4.0,3.0,4.0
3.0,3.0,3.0,3.0,3.0,3.0,3.0,3.0,3.0,3.0,2.0
4.0,3.0,3.0,3.0,3.0,3.0,4.0,3.0,3.0,3.0,3.0
3.0,3.0,3.0,3.0,3.0,3.0,3.0,2.0,1.0,3.0,1.0
3.0,4.0,4.0,4.0,4.0,4.0,3.0,3.0,4.0,4.0,3.0
5.0,5.0,5.0,5.0,5.0,4.0,4.0,4.0,4.0,4.0,4.0
4.0,4.0,4.0,4.0,4.0,4.0,,,4.0,4.0,4.0
5.0,5.0,4.0,4.0,4.0,4.0,4.0,4.0,4.0,5.0,4.0
4.0,4.0,4.0,4.0,4.0,4.0,3.0,3.0,4.0,4.0,3.0
5.0,5.0,5.0,5.0,5.0,4.0,4.0,5.0,5.0,5.0,5.0
4.0,4.0,4.0,4.0,4.0,4.0,4.0,4.0,4.0,3.0,4.0
5.0,5.0,5.0,5.0,5.0,5.0,5.0,5.0,5.0,5.0,5.0
,,1.0,,1.0,,,,1.0,1.0,
,3.0,3.0,3.0,3.0,3.0,4.0,4.0,3.0,3.0,3.0
5.0,5.0,5.0,5.0,5.0,4.0,4.0,4.0,4.0,4.0,4.0
5.0,5.0,5.0,5.0,5.0,,,,,,
5.0,4.0,4.0,4.0,4.0,4.0,4.0,4.0,4.0,4.0,4.0
1.0,1.0,1.0,1.0,1.0,1.0,3.0,3.0,1.0,1.0,1.0
4.0,4.0,4.0,4.0,4.0,4.0,4.0,4.0,3.0,4.0,4.0
3.0,3.0,3.0,3.0,3.0,3.0,3.0,3.0,3.0,3.0,3.0
4.0,4.0,4.0,4.0,4.0,4.0,4.0,4.0,4.0,4.0,4.0
5.0,5.0,5.0,5.0,5.0,5.0,5.0,5.0,5.0,5.0,5.0
5.0,5.0,5.0,5.0,5.0,5.0,5.0,5.0,5.0,5.0,5.0
5.0,5.0,5.0,5.0,5.0,5.0,4.0,4.0,5.0,5.0,5.0
3.0,3.0,3.0,3.0,3.0,3.0,3.0,3.0,3.0,3.0,3.0
4.0,4.0,4.0,4.0,4.0,4.0,4.0,4.0,4.0,4.0,4.0
4.0,4.0,4.0,4.0,4.0,4.0,,,4.0,4.0,2.0
2.0,2.0,3.0,3.0,3.0,3.0,3.0,3.0,2.0,2.0,2.0
3.0,3.0,3.0,3.0,3.0,3.0,3.0,3.0,3.0,3.0,3.0
,,,,,,,,,,
5.0,5.0,5.0,5.0,5.0,5.0,5.0,5.0,5.0,5.0,5.0
5.0,5.0,5.0,5.0,5.0,5.0,,5.0,5.0,5.0,5.0
5.0,5.0,4.0,5.0,4.0,4.0,4.0,4.0,4.0,4.0,4.0
5.0,5.0,5.0,5.0,5.0,4.0,4.0,5.0,5.0,5.0,4.0
3.0,3.0,3.0,3.0,3.0,3.0,3.0,3.0,3.0,3.0,4.0
2.0,2.0,3.0,2.0,3.0,2.0,3.0,3.0,2.0,2.0,2.0
5.0,5.0,5.0,5.0,5.0,5.0,5.0,5.0,5.0,5.0,5.0
3.0,3.0,1.0,3.0,3.0,3.0,3.0,2.0,1.0,1.0,1.0
1.0,3.0,1.0,3.0,1.0,1.0,2.0,2.0,1.0,1.0,1.0
5.0,4.0,4.0,4.0,4.0,4.0,,,4.0,4.0,4.0
4.0,5.0,4.0,4.0,4.0,4.0,4.0,4.0,4.0,4.0,4.0
,,4.0,4.0,4.0,4.0,4.0,4.0,,4.0,4.0
3.0,3.0,3.0,3.0,3.0,3.0,3.0,3.0,2.0,2.0,2.0
4.0,4.0,4.0,4.0,4.0,4.0,4.0,4.0,3.0,3.0,3.0
5.0,5.0,5.0,4.0,4.0,4.0,4.0,4.0,4.0,4.0,4.0
3.0,4.0,3.0,4.0,4.0,4.0,3.0,3.0,3.0,3.0,3.0
5.0,5.0,5.0,5.0,5.0,5.0,5.0,5.0,5.0,5.0,5.0
1.0,1.0,1.0,1.0,1.0,1.0,,,1.0,1.0,1.0
,3.0,,3.0,,,,,3.0,3.0,3.0
3.0,3.0,3.0,3.0,3.0,3.0,3.0,3.0,3.0,3.0,3.0
4.0,4.0,4.0,4.0,4.0,,,,,,
3.0,3.0,4.0,3.0,4.0,3.0,4.0,4.0,3.0,3.0,3.0
4.0,3.0,4.0,3.0,4.0,3.0,,4.0,3.0,3.0,3.0
4.0,4.0,4.0,4.0,4.0,4.0,4.0,4.0,4.0,4.0,4.0
5.0,5.0,5.0,5.0,5.0,5.0,4.0,4.0,4.0,4.0,4.0
3.0,3.0,3.0,3.0,3.0,4.0,4.0,4.0,3.0,3.0,3.0
3.0,3.0,1.0,3.0,1.0,3.0,1.0,1.0,3.0,3.0,1.0
3.0,3.0,3.0,3.0,3.0,2.0,3.0,3.0,3.0,2.0,3.0
3.0,2.0,3.0,2.0,3.0,3.0,3.0,3.0,2.0,2.0,3.0
2.0,2.0,2.0,2.0,2.0,2.0,3.0,3.0,1.0,1.0,3.0
4.0,3.0,4.0,4.0,4.0,4.0,4.0,4.0,3.0,3.0,4.0
3.0,3.0,3.0,3.0,3.0,3.0,,,2.0,2.0,3.0
5.0,5.0,4.0,5.0,4.0,4.0,4.0,,4.0,4.0,4.0
3.0,3.0,3.0,3.0,3.0,3.0,4.0,4.0,3.0,3.0,3.0
4.0,4.0,4.0,4.0,4.0,4.0,4.0,4.0,4.0,4.0,4.0
4.0,4.0,4.0,4.0,4.0,3.0,4.0,4.0,3.0,4.0,4.0
5.0,5.0,5.0,5.0,5.0,5.0,4.0,4.0,5.0,5.0,4.0
3.0,3.0,3.0,3.0,3.0,3.0,3.0,3.0,2.0,3.0,3.0
3.0,3.0,3.0,3.0,3.0,3.0,3.0,3.0,3.0,3.0,3.0
5.0,5.0,5.0,5.0,5.0,5.0,5.0,5.0,5.0,5.0,5.0
,3.0,3.0,3.0,3.0,3.0,3.0,3.0,3.0,3.0,3.0
2.0,3.0,3.0,3.0,3.0,3.0,,,2.0,2.0,3.0
5.0,5.0,5.0,5.0,4.0,,,,4.0,4.0,4.0
5.0,5.0,5.0,5.0,5.0,5.0,5.0,5.0,5.0,5.0,5.0
3.0,3.0,3.0,3.0,3.0,3.0,4.0,,3.0,3.0,3.0
4.0,4.0,4.0,4.0,4.0,4.0,4.0,4.0,4.0,4.0,4.0
1.0,1.0,1.0,1.0,1.0,1.0,1.0,1.0,1.0,1.0,
4.0,4.0,4.0,3.0,3.0,3.0,,4.0,3.0,3.0,4.0
5.0,5.0,5.0,5.0,5.0,1.0,1.0,1.0,5.0,5.0,1.0
4.0,4.0,4.0,4.0,4.0,4.0,4.0,4.0,4.0,4.0,4.0
3.0,3.0,3.0,3.0,3.0,3.0,3.0,4.0,3.0,2.0,3.0
3.0,3.0,3.0,3.0,3.0,2.0,3.0,3.0,2.0,2.0,3.0
4.0,4.0,4.0,4.0,4.0,4.0,3.0,4.0,4.0,4.0,3.0
4.0,4.0,4.0,4.0,4.0,,,,4.0,4.0,4.0
,,3.0,3.0,3.0,4.0,4.0,3.0,3.0,,3.0
5.0,4.0,4.0,4.0,4.0,4.0,4.0,4.0,3.0,3.0,4.0
5.0,5.0,5.0,5.0,5.0,5.0,4.0,4.0,5.0,5.0,5.0
4.0,4.0,4.0,4.0,4.0,3.0,4.0,4.0,3.0,3.0,4.0
4.0,4.0,4.0,4.0,4.0,4.0,4.0,4.0,4.0,4.0,4.0
5.0,5.0,5.0,5.0,5.0,5.0,5.0,5.0,5.0,5.0,5.0
5.0,5.0,5.0,5.0,5.0,5.0,5.0,,5.0,5.0,5.0
4.0,4.0,4.0,4.0,4.0,4.0,,,4.0,4.0,4.0
3.0,3.0,2.0,3.0,3.0,3.0,,3.0,2.0,2.0,2.0
3.0,3.0,3.0,3.0,3.0,3.0,4.0,3.0,3.0,3.0,3.0
5.0,5.0,5.0,5.0,5.0,4.0,4.0,5.0,4.0,4.0,
,4.0,4.0,4.0,4.0,4.0,,4.0,4.0,4.0,4.0
4.0,4.0,3.0,4.0,4.0,3.0,3.0,3.0,3.0,3.0,3.0
5.0,5.0,5.0,5.0,5.0,5.0,5.0,5.0,5.0,5.0,5.0
3.0,3.0,4.0,3.0,3.0,3.0,3.0,3.0,3.0,3.0,3.0
5.0,5.0,5.0,5.0,5.0,5.0,5.0,,5.0,5.0,5.0
,4.0,4.0,4.0,4.0,4.0,4.0,4.0,4.0,4.0,4.0
4.0,4.0,4.0,4.0,4.0,4.0,4.0,4.0,4.0,4.0,4.0
5.0,5.0,5.0,5.0,5.0,4.0,4.0,4.0,5.0,4.0,4.0
4.0,3.0,4.0,4.0,4.0,4.0,4.0,4.0,4.0,3.0,4.0
5.0,5.0,5.0,5.0,5.0,5.0,5.0,5.0,5.0,5.0,5.0
5.0,5.0,5.0,5.0,5.0,5.0,5.0,5.0,5.0,5.0,5.0
4.0,4.0,4.0,4.0,4.0,4.0,4.0,4.0,4.0,4.0,4.0
4.0,4.0,4.0,4.0,4.0,4.0,4.0,4.0,4.0,4.0,4.0
4.0,4.0,4.0,4.0,4.0,4.0,4.0,4.0,4.0,4.0,4.0
3.0,3.0,3.0,3.0,3.0,3.0,,4.0,3.0,3.0,3.0
,,,,,,,,,,
4.0,4.0,4.0,4.0,4.0,4.0,4.0,4.0,4.0,4.0,4.0
5.0,5.0,5.0,5.0,4.0,4.0,,,4.0,4.0,4.0
3.0,3.0,3.0,3.0,3.0,3.0,3.0,3.0,3.0,3.0,2.0
3.0,3.0,4.0,3.0,3.0,3.0,3.0,3.0,3.0,3.0,2.0
3.0,3.0,3.0,3.0,4.0,3.0,3.0,3.0,3.0,3.0,3.0
3.0,3.0,3.0,3.0,3.0,3.0,3.0,3.0,2.0,2.0,3.0
4.0,4.0,4.0,4.0,4.0,3.0,3.0,3.0,3.0,3.0,3.0
3.0,3.0,3.0,3.0,3.0,4.0,4.0,4.0,3.0,3.0,3.0
4.0,4.0,4.0,4.0,4.0,3.0,4.0,4.0,3.0,3.0,3.0
3.0,3.0,3.0,3.0,3.0,3.0,3.0,3.0,3.0,3.0,2.0
4.0,3.0,4.0,3.0,4.0,3.0,3.0,,3.0,3.0,4.0
1.0,1.0,1.0,1.0,1.0,1.0,1.0,1.0,1.0,1.0,1.0
5.0,5.0,5.0,5.0,5.0,5.0,5.0,5.0,5.0,4.0,4.0
4.0,4.0,4.0,4.0,4.0,4.0,4.0,4.0,4.0,3.0,4.0
,,1.0,,,,,,1.0,1.0,1.0
3.0,3.0,3.0,3.0,3.0,3.0,3.0,3.0,3.0,3.0,3.0
4.0,4.0,4.0,4.0,4.0,4.0,4.0,4.0,4.0,4.0,4.0
2.0,2.0,3.0,2.0,3.0,2.0,3.0,3.0,2.0,2.0,2.0
,5.0,,5.0,5.0,5.0,5.0,5.0,,,4.0
4.0,4.0,3.0,3.0,4.0,3.0,4.0,3.0,3.0,4.0,3.0
3.0,3.0,3.0,3.0,3.0,3.0,3.0,3.0,3.0,3.0,3.0
3.0,3.0,3.0,3.0,3.0,3.0,2.0,2.0,3.0,3.0,2.0
5.0,5.0,5.0,5.0,5.0,5.0,5.0,5.0,5.0,5.0,5.0
4.0,4.0,4.0,4.0,4.0,4.0,3.0,3.0,4.0,4.0,4.0
5.0,5.0,5.0,5.0,4.0,4.0,4.0,4.0,5.0,4.0,4.0
4.0,4.0,4.0,4.0,4.0,4.0,4.0,4.0,4.0,4.0,4.0
1.0,1.0,1.0,1.0,1.0,1.0,1.0,1.0,1.0,1.0,1.0
5.0,5.0,5.0,5.0,5.0,5.0,,5.0,5.0,4.0,4.0
5.0,5.0,4.0,5.0,5.0,4.0,4.0,4.0,4.0,4.0,4.0
3.0,4.0,4.0,4.0,4.0,,,,3.0,3.0,
4.0,4.0,4.0,4.0,4.0,4.0,4.0,4.0,4.0,4.0,4.0
4.0,4.0,4.0,4.0,4.0,3.0,4.0,4.0,4.0,3.0,3.0
,4.0,4.0,4.0,4.0,4.0,,,4.0,4.0,4.0
4.0,4.0,4.0,4.0,4.0,4.0,3.0,4.0,3.0,3.0,4.0
3.0,3.0,3.0,3.0,3.0,3.0,4.0,4.0,3.0,3.0,3.0
5.0,5.0,5.0,5.0,5.0,5.0,5.0,5.0,5.0,4.0,5.0
5.0,5.0,5.0,4.0,4.0,5.0,4.0,4.0,4.0,4.0,4.0
5.0,5.0,5.0,5.0,5.0,5.0,5.0,5.0,5.0,5.0,4.0
4.0,4.0,4.0,4.0,4.0,4.0,4.0,4.0,3.0,3.0,4.0
4.0,4.0,4.0,4.0,4.0,4.0,4.0,4.0,4.0,4.0,4.0
3.0,3.0,3.0,3.0,3.0,1.0,3.0,3.0,1.0,3.0,3.0
1.0,2.0,2.0,2.0,2.0,2.0,2.0,2.0,1.0,1.0,1.0
4.0,3.0,4.0,4.0,4.0,4.0,3.0,,2.0,2.0,3.0
5.0,5.0,5.0,5.0,5.0,5.0,5.0,5.0,5.0,5.0,5.0
4.0,4.0,4.0,4.0,4.0,4.0,,,4.0,4.0,4.0
5.0,5.0,5.0,4.0,4.0,5.0,4.0,5.0,4.0,4.0,4.0
4.0,4.0,4.0,4.0,4.0,3.0,3.0,3.0,3.0,3.0,3.0
4.0,3.0,4.0,4.0,4.0,3.0,4.0,4.0,3.0,3.0,3.0
3.0,3.0,3.0,3.0,3.0,2.0,3.0,,2.0,3.0,
4.0,4.0,3.0,4.0,4.0,4.0,3.0,3.0,3.0,4.0,3.0
5.0,5.0,5.0,5.0,5.0,4.0,4.0,4.0,4.0,4.0,4.0
3.0,3.0,3.0,3.0,3.0,3.0,3.0,3.0,3.0,3.0,3.0
4.0,4.0,4.0,4.0,4.0,4.0,4.0,4.0,4.0,4.0,4.0
3.0,3.0,3.0,3.0,3.0,3.0,3.0,3.0,2.0,2.0,3.0
5.0,5.0,5.0,5.0,5.0,5.0,5.0,5.0,5.0,5.0,
5.0,5.0,5.0,5.0,5.0,5.0,5.0,5.0,5.0,5.0,5.0
4.0,4.0,4.0,4.0,4.0,4.0,4.0,4.0,3.0,4.0,4.0
4.0,4.0,4.0,4.0,4.0,4.0,4.0,4.0,4.0,4.0,
3.0,2.0,3.0,2.0,3.0,2.0,3.0,3.0,2.0,2.0,2.0
4.0,3.0,4.0,4.0,4.0,3.0,4.0,4.0,3.0,3.0,4.0
4.0,3.0,3.0,3.0,3.0,3.0,3.0,4.0,3.0,3.0,3.0
,5.0,5.0,5.0,5.0,5.0,5.0,5.0,5.0,5.0,5.0
4.0,4.0,4.0,4.0,4.0,4.0,4.0,4.0,4.0,4.0,4.0
3.0,3.0,3.0,3.0,3.0,3.0,3.0,3.0,3.0,3.0,3.0
4.0,4.0,4.0,4.0,4.0,3.0,4.0,4.0,3.0,3.0,3.0
5.0,5.0,4.0,5.0,4.0,4.0,4.0,4.0,4.0,4.0,4.0
4.0,3.0,4.0,3.0,3.0,3.0,4.0,4.0,3.0,4.0,4.0
4.0,4.0,4.0,4.0,4.0,4.0,4.0,4.0,4.0,4.0,4.0
,,,3.0,,3.0,3.0,3.0,3.0,,
4.0,4.0,4.0,4.0,4.0,4.0,4.0,4.0,4.0,4.0,4.0
4.0,4.0,5.0,4.0,4.0,4.0,4.0,4.0,4.0,4.0,4.0
4.0,3.0,3.0,3.0,4.0,3.0,3.0,3.0,3.0,3.0,3.0
5.0,5.0,5.0,5.0,5.0,5.0,5.0,5.0,5.0,5.0,5.0
4.0,4.0,4.0,4.0,4.0,4.0,4.0,4.0,4.0,4.0,4.0
5.0,5.0,5.0,5.0,5.0,5.0,5.0,5.0,5.0,5.0,5.0
3.0,4.0,4.0,3.0,3.0,4.0,4.0,4.0,3.0,3.0,3.0
3.0,3.0,3.0,3.0,3.0,3.0,3.0,4.0,3.0,3.0,3.0
4.0,4.0,4.0,4.0,4.0,4.0,4.0,4.0,3.0,4.0,4.0
4.0,4.0,4.0,4.0,4.0,4.0,4.0,4.0,4.0,4.0,4.0
3.0,3.0,1.0,3.0,3.0,3.0,1.0,1.0,2.0,3.0,1.0
4.0,4.0,4.0,4.0,4.0,4.0,4.0,4.0,4.0,4.0,4.0
1.0,1.0,3.0,1.0,3.0,3.0,3.0,,1.0,1.0,2.0
3.0,4.0,3.0,4.0,3.0,3.0,3.0,3.0,3.0,3.0,3.0
5.0,5.0,3.0,5.0,3.0,5.0,3.0,3.0,5.0,3.0,4.0
4.0,4.0,4.0,4.0,4.0,4.0,4.0,4.0,4.0,4.0,4.0
3.0,3.0,3.0,3.0,3.0,,,,3.0,,
4.0,4.0,4.0,4.0,4.0,4.0,4.0,4.0,4.0,4.0,4.0
,,,,,,,,,,
5.0,4.0,4.0,4.0,4.0,4.0,4.0,4.0,4.0,4.0,4.0
5.0,5.0,5.0,5.0,5.0,5.0,5.0,5.0,5.0,5.0,5.0
3.0,3.0,3.0,3.0,3.0,3.0,3.0,4.0,3.0,3.0,3.0
3.0,3.0,3.0,3.0,3.0,2.0,,3.0,2.0,2.0,3.0
,4.0,3.0,3.0,3.0,3.0,3.0,3.0,2.0,3.0,3.0
4.0,4.0,4.0,4.0,4.0,4.0,4.0,4.0,4.0,4.0,4.0
5.0,5.0,5.0,5.0,5.0,5.0,5.0,5.0,5.0,5.0,5.0
5.0,5.0,5.0,5.0,5.0,5.0,5.0,5.0,5.0,5.0,5.0
3.0,3.0,3.0,3.0,3.0,3.0,3.0,3.0,3.0,3.0,3.0
4.0,3.0,3.0,3.0,3.0,3.0,4.0,4.0,3.0,3.0,4.0
5.0,4.0,4.0,5.0,5.0,4.0,4.0,,4.0,4.0,4.0
4.0,4.0,4.0,4.0,4.0,4.0,4.0,4.0,4.0,4.0,4.0
5.0,5.0,5.0,5.0,5.0,5.0,5.0,5.0,5.0,5.0,5.0
4.0,4.0,4.0,4.0,4.0,4.0,4.0,4.0,4.0,4.0,4.0
5.0,5.0,5.0,5.0,5.0,5.0,5.0,5.0,5.0,5.0,4.0
5.0,5.0,5.0,5.0,5.0,5.0,5.0,5.0,5.0,5.0,5.0
5.0,5.0,5.0,5.0,5.0,5.0,5.0,5.0,5.0,5.0,5.0
2.0,3.0,3.0,2.0,3.0,2.0,3.0,3.0,2.0,2.0,2.0
1.0,1.0,2.0,2.0,2.0,2.0,3.0,3.0,1.0,1.0,1.0
3.0,3.0,3.0,3.0,3.0,3.0,4.0,3.0,3.0,3.0,3.0
4.0,3.0,4.0,3.0,3.0,3.0,4.0,4.0,3.0,3.0,3.0
4.0,4.0,4.0,3.0,4.0,3.0,4.0,3.0,3.0,4.0,3.0
4.0,4.0,4.0,4.0,4.0,3.0,4.0,4.0,4.0,4.0,4.0
,,,4.0,4.0,4.0,4.0,4.0,,,
4.0,4.0,4.0,3.0,4.0,3.0,4.0,,3.0,3.0,3.0
4.0,4.0,3.0,4.0,4.0,,,,4.0,4.0,3.0
3.0,3.0,3.0,3.0,3.0,3.0,3.0,3.0,3.0,3.0,3.0
5.0,5.0,4.0,5.0,5.0,5.0,,4.0,5.0,4.0,4.0
3.0,3.0,3.0,3.0,3.0,3.0,3.0,3.0,3.0,3.0,3.0
3.0,3.0,2.0,3.0,3.0,3.0,2.0,2.0,2.0,2.0,2.0
4.0,3.0,4.0,3.0,4.0,4.0,,4.0,3.0,3.0,3.0
5.0,5.0,4.0,4.0,4.0,4.0,4.0,4.0,4.0,4.0,4.0
3.0,3.0,3.0,3.0,3.0,3.0,3.0,3.0,3.0,3.0,3.0
3.0,3.0,3.0,3.0,3.0,3.0,2.0,2.0,3.0,3.0,2.0
3.0,3.0,3.0,3.0,3.0,3.0,3.0,3.0,3.0,3.0,3.0
3.0,4.0,3.0,3.0,3.0,3.0,3.0,3.0,2.0,2.0,2.0
4.0,4.0,4.0,4.0,4.0,4.0,3.0,4.0,4.0,4.0,4.0
4.0,4.0,4.0,4.0,4.0,4.0,4.0,4.0,3.0,4.0,4.0
2.0,2.0,2.0,2.0,3.0,2.0,3.0,3.0,2.0,2.0,3.0
2.0,2.0,3.0,2.0,3.0,2.0,3.0,3.0,1.0,2.0,2.0
,,3.0,3.0,3.0,,,3.0,3.0,3.0,3.0
3.0,3.0,3.0,3.0,3.0,3.0,3.0,4.0,3.0,3.0,3.0
4.0,4.0,4.0,4.0,4.0,4.0,4.0,4.0,3.0,3.0,3.0
5.0,4.0,4.0,4.0,4.0,4.0,4.0,4.0,4.0,4.0,4.0
2.0,3.0,3.0,3.0,3.0,3.0,3.0,3.0,2.0,2.0,3.0
5.0,4.0,4.0,4.0,4.0,4.0,4.0,4.0,4.0,4.0,4.0
4.0,5.0,5.0,3.0,5.0,,,,5.0,3.0,3.0
4.0,4.0,4.0,4.0,4.0,4.0,4.0,4.0,4.0,4.0,4.0
5.0,5.0,5.0,5.0,5.0,4.0,4.0,4.0,4.0,5.0,4.0
4.0,4.0,4.0,4.0,4.0,3.0,4.0,4.0,3.0,3.0,4.0
1.0,3.0,1.0,3.0,2.0,3.0,2.0,2.0,1.0,1.0,1.0
3.0,3.0,4.0,3.0,3.0,3.0,4.0,4.0,3.0,3.0,3.0
2.0,3.0,2.0,3.0,3.0,3.0,3.0,3.0,3.0,3.0,1.0
4.0,3.0,3.0,3.0,3.0,3.0,,4.0,3.0,3.0,4.0
1.0,1.0,1.0,1.0,4.0,3.0,1.0,1.0,1.0,1.0,1.0
4.0,4.0,4.0,4.0,4.0,4.0,3.0,4.0,3.0,3.0,4.0
4.0,4.0,4.0,4.0,4.0,4.0,4.0,4.0,4.0,4.0,4.0
5.0,5.0,5.0,5.0,5.0,5.0,5.0,5.0,5.0,5.0,5.0
5.0,5.0,5.0,5.0,5.0,5.0,,,5.0,5.0,4.0
4.0,4.0,4.0,4.0,4.0,4.0,5.0,4.0,4.0,4.0,4.0
3.0,2.0,3.0,3.0,3.0,3.0,3.0,3.0,2.0,2.0,3.0
4.0,4.0,4.0,4.0,4.0,4.0,4.0,4.0,3.0,3.0,4.0
4.0,4.0,4.0,4.0,4.0,4.0,4.0,4.0,4.0,4.0,4.0
4.0,4.0,4.0,4.0,4.0,4.0,4.0,4.0,4.0,4.0,4.0
4.0,4.0,5.0,4.0,4.0,5.0,5.0,5.0,4.0,,
3.0,3.0,1.0,3.0,2.0,2.0,,2.0,2.0,,
5.0,5.0,5.0,5.0,5.0,5.0,4.0,4.0,5.0,5.0,4.0
1.0,1.0,3.0,2.0,3.0,2.0,3.0,3.0,1.0,1.0,2.0
4.0,5.0,4.0,4.0,4.0,4.0,4.0,4.0,4.0,4.0,4.0
3.0,3.0,3.0,3.0,3.0,3.0,3.0,3.0,2.0,3.0,3.0
3.0,3.0,3.0,3.0,3.0,3.0,3.0,3.0,2.0,3.0,3.0
4.0,4.0,4.0,4.0,4.0,4.0,4.0,4.0,4.0,4.0,4.0
5.0,4.0,4.0,5.0,4.0,5.0,,,5.0,5.0,5.0
,4.0,4.0,4.0,4.0,4.0,3.0,3.0,4.0,4.0,2.0
5.0,5.0,5.0,5.0,5.0,5.0,5.0,,4.0,4.0,4.0
4.0,4.0,4.0,4.0,4.0,4.0,4.0,4.0,4.0,4.0,4.0
5.0,5.0,5.0,5.0,5.0,5.0,4.0,4.0,5.0,5.0,4.0
4.0,4.0,4.0,4.0,4.0,3.0,4.0,4.0,4.0,4.0,4.0
2.0,3.0,2.0,3.0,3.0,2.0,3.0,3.0,2.0,2.0,2.0
5.0,5.0,5.0,5.0,5.0,5.0,4.0,5.0,5.0,5.0,4.0
,5.0,,5.0,5.0,5.0,,4.0,4.0,,
4.0,4.0,4.0,4.0,4.0,4.0,4.0,4.0,4.0,4.0,3.0
5.0,5.0,5.0,5.0,5.0,,,,5.0,5.0,
5.0,5.0,5.0,5.0,5.0,5.0,4.0,4.0,5.0,5.0,4.0
,3.0,4.0,3.0,4.0,4.0,,4.0,3.0,3.0,3.0
5.0,4.0,4.0,5.0,4.0,4.0,4.0,4.0,4.0,4.0,4.0
4.0,4.0,4.0,3.0,3.0,3.0,3.0,4.0,3.0,3.0,3.0
3.0,3.0,3.0,3.0,3.0,3.0,3.0,3.0,3.0,3.0,3.0
,1.0,,,,,,,1.0,1.0,1.0
5.0,5.0,5.0,5.0,5.0,5.0,5.0,5.0,5.0,5.0,5.0
4.0,4.0,3.0,4.0,3.0,4.0,3.0,,3.0,3.0,3.0
5.0,5.0,5.0,5.0,5.0,5.0,3.0,,5.0,5.0,
3.0,3.0,3.0,3.0,3.0,3.0,3.0,3.0,3.0,3.0,3.0
3.0,3.0,3.0,3.0,3.0,3.0,3.0,4.0,3.0,3.0,3.0
5.0,5.0,5.0,5.0,5.0,4.0,5.0,5.0,5.0,4.0,4.0
4.0,1.0,4.0,3.0,1.0,,,4.0,3.0,4.0,3.0
4.0,4.0,5.0,4.0,4.0,5.0,5.0,4.0,4.0,4.0,
5.0,5.0,5.0,5.0,5.0,5.0,5.0,5.0,5.0,5.0,5.0
3.0,3.0,3.0,3.0,3.0,3.0,3.0,4.0,3.0,3.0,3.0
4.0,4.0,4.0,4.0,4.0,4.0,4.0,4.0,4.0,4.0,4.0
4.0,4.0,4.0,4.0,4.0,4.0,4.0,4.0,4.0,4.0,4.0
4.0,4.0,4.0,4.0,4.0,5.0,4.0,4.0,4.0,4.0,4.0
3.0,3.0,4.0,3.0,4.0,3.0,4.0,4.0,3.0,3.0,3.0
4.0,4.0,4.0,4.0,4.0,4.0,4.0,4.0,4.0,4.0,4.0
5.0,5.0,5.0,5.0,5.0,4.0,4.0,4.0,4.0,4.0,4.0
,4.0,4.0,4.0,4.0,4.0,4.0,4.0,4.0,4.0,4.0
3.0,3.0,3.0,3.0,3.0,3.0,3.0,,2.0,3.0,3.0
3.0,3.0,3.0,3.0,3.0,3.0,3.0,3.0,3.0,3.0,3.0
5.0,5.0,5.0,5.0,5.0,5.0,5.0,5.0,5.0,5.0,5.0
5.0,5.0,5.0,5.0,5.0,4.0,4.0,4.0,4.0,4.0,4.0
1.0,2.0,3.0,3.0,3.0,3.0,2.0,3.0,2.0,3.0,1.0
3.0,3.0,4.0,3.0,4.0,3.0,3.0,3.0,3.0,3.0,3.0
4.0,4.0,4.0,4.0,,,,,4.0,,
2.0,1.0,2.0,2.0,2.0,2.0,3.0,3.0,2.0,2.0,2.0
5.0,5.0,5.0,5.0,5.0,5.0,5.0,5.0,5.0,5.0,4.0
5.0,5.0,5.0,5.0,5.0,5.0,4.0,4.0,5.0,5.0,5.0
4.0,4.0,4.0,4.0,4.0,3.0,4.0,4.0,3.0,4.0,3.0
5.0,5.0,5.0,5.0,5.0,,,,5.0,5.0,5.0
4.0,5.0,4.0,3.0,4.0,5.0,4.0,4.0,3.0,3.0,3.0
5.0,4.0,4.0,4.0,4.0,4.0,4.0,4.0,4.0,4.0,4.0
5.0,4.0,4.0,4.0,4.0,4.0,4.0,4.0,4.0,4.0,4.0
5.0,5.0,5.0,5.0,5.0,5.0,5.0,5.0,5.0,5.0,4.0
3.0,3.0,3.0,3.0,3.0,3.0,3.0,4.0,3.0,3.0,3.0
4.0,4.0,4.0,4.0,4.0,4.0,3.0,3.0,4.0,4.0,3.0
5.0,5.0,5.0,5.0,4.0,4.0,4.0,4.0,4.0,4.0,4.0
5.0,4.0,5.0,4.0,5.0,4.0,4.0,5.0,4.0,4.0,4.0
4.0,4.0,4.0,4.0,4.0,4.0,4.0,4.0,4.0,4.0,4.0
5.0,4.0,4.0,4.0,4.0,4.0,4.0,4.0,4.0,4.0,4.0
1.0,1.0,1.0,1.0,1.0,1.0,1.0,1.0,1.0,1.0,1.0
4.0,4.0,4.0,4.0,3.0,3.0,3.0,4.0,3.0,3.0,3.0
5.0,5.0,5.0,5.0,5.0,5.0,5.0,5.0,5.0,5.0,5.0
5.0,4.0,4.0,3.0,4.0,4.0,4.0,4.0,4.0,4.0,
4.0,3.0,4.0,3.0,4.0,4.0,4.0,4.0,3.0,3.0,3.0
3.0,3.0,3.0,3.0,3.0,2.0,3.0,3.0,2.0,2.0,2.0
5.0,5.0,5.0,5.0,5.0,5.0,5.0,5.0,5.0,5.0,5.0
4.0,4.0,4.0,4.0,4.0,,,,4.0,4.0,4.0
3.0,3.0,3.0,3.0,3.0,3.0,3.0,3.0,2.0,2.0,3.0
4.0,4.0,4.0,4.0,4.0,,,,,,
4.0,4.0,4.0,4.0,4.0,4.0,4.0,4.0,4.0,4.0,4.0
3.0,3.0,3.0,3.0,3.0,3.0,3.0,,3.0,3.0,3.0
5.0,5.0,5.0,5.0,5.0,5.0,5.0,5.0,5.0,5.0,4.0
5.0,5.0,5.0,5.0,5.0,5.0,5.0,5.0,5.0,5.0,4.0
5.0,5.0,4.0,5.0,4.0,4.0,4.0,4.0,5.0,5.0,4.0
3.0,3.0,3.0,3.0,3.0,3.0,3.0,3.0,3.0,3.0,3.0
4.0,5.0,4.0,5.0,4.0,4.0,4.0,4.0,5.0,5.0,5.0
4.0,4.0,4.0,4.0,4.0,4.0,,4.0,4.0,4.0,4.0
5.0,5.0,4.0,4.0,4.0,4.0,4.0,4.0,4.0,4.0,4.0
3.0,3.0,4.0,3.0,3.0,3.0,3.0,3.0,3.0,3.0,3.0
4.0,4.0,4.0,4.0,4.0,4.0,4.0,4.0,3.0,4.0,3.0
4.0,4.0,4.0,4.0,4.0,3.0,,4.0,4.0,4.0,4.0
3.0,3.0,3.0,3.0,3.0,2.0,3.0,3.0,2.0,3.0,2.0
5.0,4.0,4.0,4.0,4.0,4.0,4.0,4.0,4.0,4.0,4.0
3.0,3.0,3.0,3.0,3.0,3.0,3.0,,3.0,3.0,3.0
,,,,,,,5.0,,,
4.0,4.0,4.0,4.0,4.0,4.0,4.0,,4.0,4.0,4.0
5.0,5.0,5.0,5.0,5.0,4.0,4.0,4.0,4.0,4.0,4.0
2.0,2.0,2.0,2.0,2.0,3.0,3.0,3.0,1.0,2.0,2.0
3.0,3.0,3.0,3.0,3.0,3.0,3.0,3.0,3.0,3.0,2.0
4.0,4.0,4.0,4.0,4.0,4.0,4.0,4.0,4.0,4.0,4.0
1.0,1.0,1.0,1.0,1.0,1.0,2.0,2.0,1.0,1.0,1.0
4.0,4.0,4.0,4.0,4.0,4.0,2.0,3.0,4.0,4.0,1.0
8.0,3.0,3.0,3.0,3.0,3.0,4.0,3.0,8.0,3.0,3.0
4.0,4.0,4.0,3.0,4.0,3.0,4.0,4.0,3.0,4.0,4.0
3.0,3.0,3.0,3.0,3.0,3.0,3.0,3.0,3.0,3.0,3.0
4.0,4.0,4.0,4.0,4.0,3.0,4.0,3.0,3.0,4.0,4.0
3.0,3.0,3.0,3.0,3.0,3.0,3.0,3.0,3.0,3.0,3.0
4.0,4.0,4.0,4.0,4.0,4.0,4.0,4.0,4.0,4.0,4.0
5.0,5.0,5.0,5.0,5.0,5.0,5.0,5.0,5.0,5.0,5.0
1.0,3.0,3.0,3.0,3.0,3.0,3.0,3.0,2.0,1.0,2.0
5.0,5.0,5.0,5.0,5.0,5.0,5.0,5.0,5.0,5.0,5.0
3.0,3.0,3.0,3.0,3.0,3.0,3.0,4.0,3.0,3.0,3.0
1.0,1.0,1.0,1.0,1.0,1.0,,3.0,1.0,1.0,1.0
4.0,3.0,4.0,3.0,4.0,3.0,4.0,3.0,4.0,4.0,4.0
5.0,4.0,4.0,3.0,4.0,4.0,3.0,3.0,3.0,3.0,3.0
3.0,4.0,3.0,3.0,3.0,2.0,,,3.0,3.0,3.0
4.0,4.0,4.0,4.0,4.0,4.0,4.0,4.0,4.0,4.0,3.0
4.0,3.0,4.0,3.0,3.0,3.0,4.0,4.0,3.0,3.0,4.0
3.0,3.0,3.0,3.0,3.0,3.0,3.0,3.0,3.0,3.0,3.0
3.0,3.0,3.0,3.0,3.0,3.0,3.0,3.0,3.0,3.0,3.0
3.0,2.0,3.0,2.0,3.0,2.0,4.0,3.0,2.0,2.0,2.0
4.0,4.0,4.0,3.0,4.0,4.0,4.0,4.0,3.0,4.0,4.0
4.0,4.0,4.0,4.0,4.0,4.0,,,4.0,4.0,4.0
3.0,3.0,3.0,3.0,3.0,3.0,4.0,3.0,3.0,3.0,3.0
1.0,3.0,1.0,1.0,1.0,1.0,2.0,2.0,1.0,1.0,1.0
3.0,3.0,3.0,3.0,3.0,3.0,3.0,3.0,3.0,3.0,3.0
4.0,4.0,4.0,4.0,4.0,3.0,,,4.0,4.0,4.0
3.0,3.0,3.0,3.0,,,,,,,
4.0,4.0,4.0,4.0,4.0,3.0,4.0,4.0,3.0,4.0,4.0
4.0,3.0,4.0,3.0,4.0,3.0,4.0,4.0,3.0,3.0,3.0
4.0,4.0,4.0,4.0,4.0,4.0,4.0,4.0,4.0,4.0,4.0
5.0,4.0,4.0,4.0,4.0,4.0,4.0,5.0,4.0,4.0,4.0
4.0,3.0,4.0,4.0,4.0,4.0,4.0,4.0,3.0,3.0,4.0
4.0,4.0,4.0,4.0,4.0,4.0,,,4.0,4.0,4.0
,,,,,,,,,,
5.0,4.0,4.0,4.0,4.0,4.0,4.0,4.0,4.0,4.0,4.0
4.0,4.0,4.0,4.0,4.0,4.0,4.0,4.0,4.0,4.0,4.0
1.0,3.0,1.0,3.0,3.0,3.0,2.0,2.0,3.0,3.0,
5.0,4.0,4.0,4.0,4.0,4.0,4.0,4.0,4.0,4.0,4.0
3.0,3.0,3.0,3.0,3.0,3.0,3.0,3.0,3.0,3.0,3.0
3.0,3.0,4.0,3.0,4.0,3.0,4.0,4.0,3.0,3.0,3.0
4.0,4.0,4.0,4.0,4.0,4.0,4.0,4.0,4.0,4.0,4.0
3.0,3.0,,3.0,,3.0,,,3.0,,3.0
4.0,3.0,3.0,3.0,3.0,3.0,3.0,4.0,3.0,3.0,3.0
5.0,4.0,4.0,4.0,4.0,4.0,4.0,4.0,4.0,4.0,4.0
5.0,5.0,5.0,5.0,5.0,5.0,5.0,5.0,5.0,5.0,5.0
1.0,3.0,1.0,3.0,3.0,1.0,1.0,1.0,1.0,1.0,1.0
5.0,5.0,5.0,5.0,5.0,5.0,5.0,5.0,5.0,5.0,5.0
4.0,4.0,4.0,4.0,4.0,4.0,4.0,4.0,4.0,4.0,4.0
4.0,4.0,3.0,4.0,3.0,4.0,3.0,3.0,4.0,1.0,3.0
4.0,3.0,3.0,3.0,3.0,3.0,,3.0,3.0,3.0,3.0
5.0,5.0,5.0,5.0,5.0,5.0,5.0,5.0,5.0,5.0,5.0
5.0,5.0,5.0,5.0,5.0,4.0,4.0,5.0,5.0,5.0,5.0
4.0,4.0,4.0,4.0,4.0,4.0,4.0,4.0,4.0,4.0,4.0
4.0,4.0,4.0,4.0,4.0,4.0,3.0,3.0,4.0,4.0,3.0
3.0,1.0,3.0,3.0,3.0,3.0,3.0,3.0,3.0,3.0,3.0
4.0,4.0,4.0,4.0,4.0,4.0,,4.0,4.0,4.0,4.0
1.0,3.0,1.0,2.0,2.0,1.0,2.0,2.0,1.0,1.0,1.0
4.0,4.0,4.0,4.0,4.0,4.0,4.0,,4.0,4.0,4.0
4.0,4.0,4.0,4.0,4.0,4.0,4.0,4.0,4.0,4.0,4.0
3.0,3.0,3.0,3.0,3.0,3.0,3.0,3.0,3.0,3.0,2.0
4.0,3.0,4.0,3.0,4.0,4.0,4.0,4.0,3.0,3.0,3.0
5.0,5.0,5.0,5.0,5.0,5.0,5.0,5.0,5.0,5.0,5.0
4.0,4.0,4.0,4.0,4.0,4.0,3.0,3.0,4.0,4.0,3.0
5.0,5.0,5.0,5.0,5.0,4.0,4.0,,4.0,4.0,4.0
2.0,3.0,3.0,2.0,4.0,4.0,4.0,3.0,3.0,2.0,3.0
5.0,4.0,5.0,4.0,4.0,4.0,3.0,3.0,4.0,3.0,3.0
,,4.0,3.0,3.0,4.0,3.0,3.0,,,4.0
3.0,3.0,3.0,3.0,3.0,3.0,3.0,3.0,3.0,3.0,3.0
2.0,2.0,3.0,2.0,3.0,3.0,3.0,3.0,2.0,2.0,2.0
1.0,3.0,2.0,3.0,2.0,1.0,2.0,2.0,1.0,1.0,2.0
3.0,3.0,3.0,3.0,3.0,3.0,3.0,3.0,3.0,3.0,2.0
2.0,3.0,2.0,3.0,3.0,2.0,3.0,3.0,1.0,2.0,2.0
1.0,3.0,3.0,3.0,3.0,3.0,2.0,3.0,1.0,1.0,1.0
3.0,3.0,3.0,3.0,3.0,3.0,3.0,3.0,3.0,3.0,3.0
5.0,5.0,5.0,5.0,5.0,5.0,5.0,5.0,5.0,5.0,5.0
3.0,3.0,4.0,3.0,4.0,4.0,4.0,4.0,3.0,3.0,3.0
5.0,5.0,5.0,5.0,5.0,5.0,5.0,5.0,5.0,5.0,5.0
5.0,5.0,5.0,5.0,5.0,5.0,5.0,5.0,5.0,5.0,5.0
5.0,5.0,5.0,4.0,5.0,4.0,5.0,5.0,4.0,4.0,4.0
5.0,4.0,4.0,4.0,4.0,5.0,5.0,,4.0,4.0,4.0
,5.0,5.0,5.0,5.0,5.0,5.0,5.0,,5.0,4.0
4.0,4.0,3.0,4.0,4.0,4.0,3.0,3.0,3.0,3.0,3.0
4.0,5.0,4.0,5.0,4.0,4.0,4.0,4.0,4.0,4.0,4.0
4.0,5.0,4.0,4.0,4.0,5.0,4.0,4.0,4.0,4.0,4.0
4.0,4.0,4.0,4.0,4.0,4.0,4.0,4.0,4.0,4.0,4.0
4.0,,,4.0,,4.0,4.0,,4.0,,
4.0,4.0,4.0,4.0,4.0,3.0,3.0,4.0,3.0,4.0,3.0
4.0,3.0,3.0,4.0,4.0,3.0,4.0,4.0,3.0,3.0,4.0
3.0,3.0,3.0,3.0,3.0,3.0,4.0,3.0,3.0,3.0,3.0
4.0,4.0,4.0,4.0,4.0,3.0,4.0,4.0,4.0,4.0,4.0
5.0,5.0,5.0,5.0,5.0,5.0,4.0,4.0,5.0,5.0,4.0
4.0,4.0,4.0,4.0,4.0,4.0,4.0,4.0,3.0,3.0,4.0
4.0,4.0,4.0,4.0,4.0,4.0,4.0,4.0,4.0,4.0,4.0
5.0,5.0,5.0,5.0,5.0,4.0,4.0,4.0,5.0,5.0,5.0
5.0,5.0,5.0,5.0,5.0,5.0,5.0,5.0,5.0,4.0,5.0
,,4.0,4.0,4.0,3.0,3.0,4.0,3.0,4.0,4.0
3.0,3.0,3.0,3.0,3.0,3.0,3.0,3.0,3.0,3.0,3.0
3.0,3.0,3.0,3.0,3.0,3.0,3.0,3.0,3.0,3.0,3.0
5.0,4.0,4.0,4.0,4.0,4.0,4.0,4.0,4.0,4.0,4.0
5.0,5.0,4.0,4.0,4.0,,,,4.0,4.0,5.0
4.0,4.0,4.0,4.0,3.0,3.0,4.0,4.0,3.0,3.0,4.0
4.0,4.0,4.0,4.0,4.0,3.0,4.0,4.0,4.0,4.0,4.0
4.0,4.0,4.0,4.0,4.0,3.0,4.0,4.0,3.0,3.0,3.0
3.0,3.0,3.0,3.0,3.0,3.0,3.0,3.0,3.0,3.0,2.0
3.0,3.0,3.0,3.0,3.0,2.0,2.0,2.0,3.0,3.0,2.0
,,,,,,,1.0,,,
3.0,3.0,3.0,3.0,3.0,3.0,3.0,3.0,3.0,3.0,3.0
5.0,5.0,5.0,5.0,5.0,5.0,5.0,5.0,5.0,5.0,5.0
3.0,3.0,3.0,3.0,3.0,3.0,3.0,4.0,3.0,3.0,3.0
5.0,4.0,4.0,4.0,4.0,4.0,4.0,4.0,4.0,4.0,4.0
5.0,5.0,5.0,5.0,5.0,5.0,5.0,5.0,5.0,5.0,5.0
2.0,2.0,3.0,2.0,3.0,2.0,3.0,3.0,2.0,2.0,2.0
3.0,3.0,1.0,3.0,3.0,3.0,1.0,3.0,1.0,3.0,1.0
4.0,4.0,4.0,4.0,4.0,,,,4.0,,
5.0,5.0,4.0,5.0,5.0,4.0,,4.0,4.0,4.0,4.0
4.0,4.0,5.0,5.0,5.0,4.0,4.0,4.0,4.0,4.0,4.0
4.0,3.0,3.0,3.0,3.0,3.0,4.0,3.0,3.0,3.0,3.0
3.0,3.0,3.0,3.0,3.0,3.0,3.0,3.0,3.0,3.0,3.0
,,,,,,,,,,
3.0,3.0,3.0,3.0,3.0,3.0,3.0,4.0,3.0,3.0,3.0
5.0,5.0,5.0,5.0,4.0,5.0,5.0,5.0,4.0,4.0,4.0
5.0,5.0,5.0,5.0,5.0,5.0,,5.0,5.0,5.0,5.0
5.0,5.0,5.0,5.0,5.0,5.0,4.0,4.0,5.0,5.0,4.0
5.0,5.0,5.0,5.0,5.0,1.0,1.0,1.0,5.0,5.0,5.0
2.0,3.0,2.0,2.0,2.0,2.0,2.0,2.0,1.0,2.0,1.0
5.0,5.0,5.0,4.0,5.0,4.0,4.0,4.0,3.0,3.0,4.0
5.0,5.0,5.0,5.0,4.0,5.0,5.0,5.0,5.0,5.0,4.0
4.0,4.0,4.0,4.0,4.0,4.0,4.0,4.0,4.0,4.0,4.0
4.0,3.0,4.0,5.0,4.0,3.0,4.0,4.0,3.0,3.0,4.0
4.0,4.0,4.0,4.0,4.0,4.0,4.0,4.0,4.0,4.0,4.0
3.0,4.0,4.0,4.0,4.0,4.0,4.0,4.0,3.0,3.0,3.0
4.0,3.0,4.0,3.0,3.0,3.0,4.0,4.0,3.0,3.0,3.0
5.0,5.0,5.0,5.0,4.0,5.0,5.0,5.0,5.0,5.0,5.0
1.0,1.0,1.0,1.0,1.0,2.0,2.0,2.0,1.0,1.0,1.0
,,,,,,,,,,
4.0,4.0,4.0,4.0,4.0,4.0,4.0,4.0,4.0,4.0,3.0
4.0,4.0,4.0,4.0,4.0,4.0,4.0,4.0,4.0,4.0,4.0
4.0,4.0,4.0,4.0,4.0,3.0,3.0,3.0,2.0,3.0,3.0
5.0,5.0,5.0,5.0,5.0,5.0,5.0,5.0,5.0,5.0,5.0
1.0,1.0,1.0,3.0,3.0,3.0,1.0,1.0,1.0,1.0,1.0
5.0,4.0,4.0,4.0,4.0,4.0,4.0,4.0,4.0,4.0,4.0
3.0,3.0,3.0,3.0,3.0,3.0,3.0,3.0,3.0,3.0,3.0
4.0,4.0,4.0,4.0,4.0,4.0,,,4.0,4.0,4.0
4.0,4.0,4.0,4.0,4.0,4.0,4.0,4.0,4.0,4.0,4.0
5.0,5.0,5.0,5.0,5.0,5.0,4.0,5.0,5.0,5.0,4.0
4.0,4.0,4.0,4.0,4.0,4.0,4.0,4.0,4.0,4.0,4.0
3.0,3.0,3.0,3.0,3.0,3.0,4.0,4.0,3.0,3.0,3.0
3.0,2.0,3.0,3.0,3.0,3.0,3.0,3.0,2.0,2.0,2.0
3.0,3.0,3.0,3.0,4.0,3.0,3.0,3.0,3.0,3.0,3.0
,,,4.0,5.0,4.0,4.0,4.0,,3.0,4.0
,5.0,4.0,4.0,4.0,5.0,4.0,4.0,,,
3.0,3.0,3.0,3.0,3.0,3.0,3.0,3.0,3.0,3.0,4.0
3.0,3.0,3.0,3.0,3.0,3.0,4.0,4.0,3.0,3.0,3.0
4.0,4.0,4.0,4.0,4.0,4.0,3.0,4.0,3.0,4.0,3.0
3.0,3.0,3.0,3.0,3.0,3.0,3.0,3.0,3.0,3.0,3.0
4.0,4.0,4.0,4.0,4.0,3.0,3.0,,3.0,4.0,3.0
3.0,3.0,4.0,3.0,3.0,3.0,3.0,3.0,3.0,3.0,3.0
3.0,3.0,3.0,5.0,3.0,3.0,4.0,4.0,3.0,3.0,4.0
5.0,5.0,5.0,5.0,5.0,5.0,5.0,5.0,5.0,5.0,4.0
5.0,5.0,5.0,5.0,4.0,4.0,4.0,4.0,4.0,4.0,4.0
4.0,4.0,4.0,4.0,4.0,4.0,4.0,4.0,3.0,3.0,3.0
5.0,5.0,5.0,5.0,5.0,5.0,5.0,5.0,5.0,5.0,5.0
4.0,4.0,3.0,3.0,4.0,4.0,4.0,4.0,3.0,3.0,3.0
1.0,1.0,1.0,1.0,1.0,1.0,1.0,1.0,1.0,1.0,1.0
5.0,5.0,3.0,5.0,3.0,5.0,4.0,4.0,3.0,3.0,3.0
3.0,3.0,3.0,3.0,3.0,3.0,3.0,3.0,3.0,3.0,3.0
3.0,3.0,3.0,3.0,3.0,3.0,3.0,3.0,3.0,3.0,1.0
3.0,4.0,3.0,3.0,3.0,3.0,3.0,,2.0,3.0,3.0
3.0,3.0,2.0,3.0,3.0,3.0,2.0,2.0,1.0,1.0,1.0
4.0,4.0,4.0,4.0,4.0,4.0,4.0,4.0,4.0,4.0,4.0
5.0,5.0,5.0,5.0,4.0,4.0,4.0,5.0,4.0,4.0,4.0
5.0,5.0,4.0,5.0,4.0,4.0,4.0,4.0,4.0,4.0,4.0
4.0,4.0,4.0,4.0,4.0,4.0,4.0,4.0,4.0,4.0,4.0
5.0,5.0,5.0,5.0,5.0,5.0,4.0,5.0,5.0,5.0,5.0
3.0,3.0,3.0,3.0,3.0,3.0,4.0,3.0,3.0,3.0,3.0
3.0,3.0,3.0,3.0,3.0,3.0,4.0,3.0,3.0,3.0,3.0
4.0,4.0,4.0,4.0,4.0,4.0,4.0,4.0,4.0,4.0,4.0
5.0,5.0,5.0,5.0,5.0,5.0,4.0,4.0,4.0,4.0,4.0
1.0,3.0,1.0,3.0,3.0,3.0,2.0,2.0,1.0,3.0,1.0
5.0,5.0,5.0,5.0,5.0,5.0,5.0,5.0,5.0,5.0,4.0
5.0,4.0,4.0,4.0,4.0,4.0,5.0,5.0,4.0,4.0,3.0
4.0,4.0,4.0,4.0,4.0,4.0,4.0,4.0,4.0,4.0,4.0
,,,,,,,,,,
3.0,3.0,2.0,3.0,3.0,2.0,3.0,3.0,3.0,1.0,2.0
5.0,5.0,5.0,5.0,5.0,5.0,5.0,5.0,5.0,5.0,5.0
4.0,4.0,4.0,4.0,4.0,4.0,4.0,4.0,4.0,4.0,4.0
5.0,,5.0,5.0,4.0,4.0,,4.0,4.0,4.0,4.0
5.0,3.0,5.0,3.0,5.0,3.0,4.0,4.0,3.0,3.0,3.0
3.0,3.0,3.0,3.0,3.0,3.0,3.0,3.0,3.0,3.0,3.0
4.0,4.0,3.0,4.0,4.0,4.0,4.0,4.0,4.0,4.0,3.0
2.0,3.0,2.0,3.0,2.0,3.0,3.0,2.0,2.0,2.0,2.0
1.0,1.0,3.0,1.0,2.0,2.0,,3.0,1.0,2.0,2.0
1.0,3.0,2.0,3.0,3.0,3.0,2.0,3.0,3.0,3.0,1.0
5.0,5.0,5.0,5.0,5.0,5.0,4.0,4.0,5.0,4.0,4.0
4.0,5.0,4.0,5.0,4.0,4.0,4.0,4.0,4.0,4.0,4.0
4.0,4.0,4.0,4.0,4.0,3.0,3.0,3.0,3.0,3.0,3.0
5.0,5.0,5.0,5.0,5.0,5.0,5.0,5.0,5.0,5.0,5.0
5.0,5.0,5.0,5.0,5.0,5.0,5.0,5.0,4.0,4.0,4.0
4.0,4.0,4.0,3.0,4.0,4.0,4.0,4.0,3.0,3.0,3.0
2.0,2.0,3.0,3.0,3.0,2.0,3.0,3.0,2.0,2.0,2.0
4.0,4.0,4.0,4.0,4.0,4.0,4.0,4.0,4.0,4.0,4.0
3.0,4.0,3.0,4.0,3.0,3.0,4.0,4.0,3.0,3.0,3.0
4.0,4.0,4.0,4.0,4.0,4.0,4.0,4.0,4.0,4.0,4.0
3.0,3.0,3.0,3.0,3.0,3.0,3.0,3.0,3.0,4.0,3.0
3.0,1.0,1.0,3.0,3.0,3.0,2.0,2.0,1.0,3.0,1.0
5.0,5.0,5.0,5.0,5.0,5.0,4.0,4.0,5.0,4.0,4.0
4.0,4.0,4.0,4.0,4.0,4.0,4.0,4.0,4.0,4.0,4.0
4.0,4.0,4.0,3.0,4.0,3.0,4.0,4.0,4.0,4.0,4.0
4.0,4.0,4.0,4.0,4.0,4.0,3.0,3.0,3.0,3.0,2.0
5.0,5.0,5.0,5.0,5.0,5.0,5.0,5.0,5.0,5.0,4.0
5.0,5.0,5.0,5.0,5.0,5.0,5.0,5.0,5.0,5.0,5.0
4.0,4.0,4.0,4.0,4.0,4.0,4.0,4.0,4.0,4.0,4.0
4.0,4.0,4.0,4.0,4.0,3.0,,,4.0,4.0,4.0
3.0,3.0,3.0,3.0,3.0,3.0,3.0,3.0,3.0,3.0,3.0
3.0,3.0,4.0,4.0,4.0,4.0,4.0,4.0,3.0,3.0,3.0
5.0,5.0,4.0,5.0,5.0,4.0,3.0,3.0,5.0,4.0,1.0
5.0,5.0,5.0,5.0,5.0,5.0,5.0,5.0,5.0,5.0,4.0
2.0,2.0,2.0,2.0,3.0,2.0,,3.0,,2.0,
4.0,4.0,4.0,4.0,4.0,4.0,4.0,4.0,4.0,4.0,4.0
4.0,4.0,4.0,3.0,4.0,3.0,4.0,4.0,3.0,4.0,4.0
,,3.0,3.0,3.0,3.0,4.0,4.0,,,3.0
5.0,5.0,4.0,4.0,4.0,4.0,5.0,4.0,4.0,4.0,4.0
5.0,5.0,5.0,5.0,5.0,4.0,4.0,5.0,4.0,4.0,4.0
4.0,3.0,4.0,3.0,3.0,4.0,4.0,4.0,3.0,3.0,3.0
3.0,3.0,3.0,3.0,3.0,3.0,4.0,3.0,3.0,3.0,3.0
5.0,5.0,5.0,5.0,5.0,5.0,5.0,5.0,5.0,5.0,5.0
5.0,5.0,5.0,5.0,5.0,5.0,4.0,4.0,5.0,5.0,4.0
5.0,5.0,5.0,5.0,5.0,5.0,5.0,5.0,5.0,5.0,5.0
3.0,3.0,3.0,3.0,3.0,3.0,3.0,3.0,3.0,3.0,3.0
4.0,4.0,4.0,4.0,4.0,4.0,4.0,4.0,3.0,4.0,4.0
3.0,3.0,3.0,3.0,3.0,3.0,3.0,3.0,3.0,3.0,3.0
5.0,5.0,5.0,5.0,5.0,5.0,5.0,5.0,5.0,5.0,4.0
,4.0,3.0,4.0,3.0,2.0,,,2.0,3.0,2.0
5.0,5.0,5.0,5.0,5.0,5.0,5.0,5.0,5.0,5.0,5.0
5.0,5.0,4.0,4.0,4.0,4.0,4.0,4.0,4.0,4.0,4.0
4.0,3.0,4.0,3.0,3.0,3.0,4.0,4.0,3.0,4.0,3.0
3.0,3.0,3.0,3.0,3.0,3.0,3.0,3.0,3.0,3.0,2.0
5.0,5.0,5.0,5.0,5.0,5.0,5.0,5.0,5.0,5.0,5.0
3.0,3.0,4.0,3.0,4.0,4.0,4.0,4.0,3.0,3.0,4.0
5.0,3.0,5.0,5.0,5.0,3.0,3.0,5.0,3.0,3.0,3.0
4.0,4.0,4.0,4.0,4.0,4.0,4.0,4.0,4.0,4.0,4.0
4.0,3.0,4.0,3.0,4.0,3.0,4.0,4.0,3.0,3.0,3.0
4.0,4.0,4.0,4.0,4.0,4.0,3.0,,4.0,4.0,3.0
3.0,3.0,3.0,3.0,3.0,3.0,4.0,4.0,3.0,3.0,3.0
4.0,4.0,4.0,4.0,4.0,4.0,4.0,4.0,4.0,4.0,4.0
4.0,4.0,4.0,4.0,4.0,4.0,4.0,4.0,4.0,4.0,4.0
4.0,3.0,4.0,3.0,4.0,4.0,4.0,4.0,3.0,4.0,4.0
5.0,5.0,4.0,5.0,5.0,4.0,4.0,4.0,4.0,4.0,4.0
2.0,3.0,2.0,3.0,3.0,3.0,2.0,2.0,2.0,3.0,2.0
4.0,4.0,4.0,4.0,4.0,4.0,4.0,4.0,4.0,4.0,4.0
,,4.0,4.0,4.0,4.0,4.0,4.0,4.0,,4.0
4.0,4.0,4.0,4.0,4.0,4.0,4.0,4.0,4.0,4.0,4.0
4.0,4.0,4.0,4.0,4.0,4.0,3.0,4.0,4.0,4.0,4.0
3.0,4.0,3.0,3.0,4.0,3.0,4.0,4.0,3.0,3.0,3.0
5.0,,5.0,5.0,4.0,5.0,5.0,4.0,5.0,5.0,5.0
5.0,4.0,4.0,5.0,4.0,4.0,4.0,4.0,4.0,4.0,4.0
5.0,5.0,5.0,5.0,5.0,5.0,5.0,5.0,5.0,5.0,5.0
3.0,3.0,3.0,3.0,3.0,3.0,,,1.0,3.0,2.0
4.0,4.0,4.0,3.0,4.0,3.0,4.0,4.0,3.0,3.0,3.0
3.0,3.0,3.0,3.0,3.0,3.0,3.0,3.0,3.0,3.0,3.0
3.0,3.0,3.0,3.0,3.0,3.0,3.0,3.0,3.0,3.0,3.0
3.0,4.0,3.0,4.0,3.0,4.0,,3.0,3.0,3.0,3.0
5.0,5.0,5.0,5.0,5.0,5.0,4.0,4.0,5.0,5.0,4.0
,,,,,,,,,,
3.0,3.0,3.0,3.0,3.0,3.0,3.0,3.0,3.0,3.0,3.0
4.0,3.0,4.0,3.0,3.0,3.0,,4.0,4.0,4.0,4.0
4.0,4.0,4.0,4.0,4.0,4.0,,4.0,4.0,4.0,4.0
4.0,4.0,4.0,4.0,4.0,4.0,4.0,4.0,4.0,4.0,4.0
5.0,4.0,4.0,4.0,4.0,4.0,4.0,4.0,4.0,4.0,4.0
4.0,4.0,4.0,4.0,4.0,4.0,4.0,4.0,4.0,4.0,4.0
4.0,4.0,4.0,4.0,4.0,3.0,4.0,4.0,3.0,3.0,4.0
5.0,5.0,5.0,5.0,5.0,5.0,5.0,4.0,5.0,5.0,4.0
1.0,1.0,1.0,1.0,2.0,1.0,3.0,,1.0,1.0,1.0
5.0,4.0,4.0,4.0,4.0,4.0,,,4.0,4.0,4.0
4.0,4.0,4.0,4.0,4.0,4.0,4.0,4.0,4.0,4.0,4.0
3.0,3.0,3.0,3.0,3.0,3.0,3.0,3.0,3.0,3.0,3.0
4.0,4.0,4.0,4.0,4.0,4.0,4.0,4.0,4.0,4.0,4.0
4.0,4.0,4.0,4.0,4.0,4.0,,4.0,4.0,4.0,4.0
3.0,3.0,3.0,3.0,3.0,3.0,3.0,3.0,3.0,3.0,3.0
5.0,4.0,4.0,5.0,4.0,5.0,5.0,,4.0,,4.0
5.0,5.0,5.0,5.0,5.0,5.0,5.0,5.0,5.0,4.0,4.0
4.0,4.0,3.0,4.0,4.0,4.0,4.0,4.0,3.0,3.0,3.0
4.0,4.0,4.0,4.0,4.0,4.0,4.0,4.0,4.0,4.0,4.0
4.0,3.0,4.0,3.0,4.0,3.0,4.0,4.0,3.0,3.0,3.0
3.0,3.0,3.0,3.0,3.0,3.0,3.0,3.0,2.0,3.0,2.0
,4.0,4.0,4.0,4.0,4.0,4.0,5.0,4.0,4.0,4.0
4.0,5.0,4.0,4.0,4.0,3.0,4.0,4.0,4.0,4.0,4.0
3.0,3.0,3.0,3.0,3.0,3.0,3.0,3.0,3.0,3.0,2.0
1.0,3.0,2.0,3.0,3.0,3.0,2.0,2.0,3.0,3.0,1.0
3.0,3.0,4.0,3.0,3.0,4.0,4.0,4.0,3.0,3.0,4.0
2.0,3.0,3.0,3.0,3.0,3.0,3.0,3.0,3.0,3.0,2.0
5.0,5.0,5.0,4.0,4.0,4.0,4.0,4.0,4.0,4.0,4.0
4.0,3.0,4.0,3.0,3.0,3.0,4.0,4.0,3.0,3.0,3.0
5.0,5.0,5.0,5.0,5.0,,,,5.0,5.0,
2.0,3.0,,2.0,,,,,2.0,3.0,3.0
4.0,4.0,4.0,4.0,4.0,4.0,4.0,4.0,4.0,4.0,4.0
2.0,2.0,3.0,2.0,3.0,2.0,3.0,3.0,2.0,2.0,2.0
3.0,3.0,3.0,3.0,3.0,3.0,3.0,3.0,2.0,3.0,3.0
3.0,3.0,3.0,3.0,3.0,3.0,2.0,2.0,3.0,3.0,
5.0,3.0,3.0,5.0,5.0,5.0,5.0,4.0,5.0,5.0,4.0
4.0,3.0,4.0,3.0,3.0,3.0,4.0,4.0,3.0,3.0,3.0
5.0,5.0,5.0,5.0,5.0,3.0,3.0,4.0,5.0,5.0,5.0
5.0,5.0,5.0,5.0,5.0,5.0,4.0,4.0,5.0,4.0,4.0
1.0,1.0,2.0,3.0,3.0,2.0,3.0,2.0,1.0,1.0,1.0
4.0,4.0,4.0,3.0,3.0,3.0,4.0,4.0,4.0,4.0,4.0
5.0,5.0,5.0,5.0,5.0,5.0,5.0,,5.0,5.0,4.0
5.0,5.0,5.0,5.0,5.0,5.0,5.0,5.0,5.0,5.0,4.0
3.0,3.0,3.0,3.0,3.0,3.0,4.0,4.0,3.0,3.0,3.0
5.0,4.0,4.0,4.0,4.0,3.0,3.0,3.0,3.0,4.0,4.0
5.0,4.0,5.0,4.0,4.0,4.0,4.0,4.0,4.0,4.0,4.0
5.0,4.0,4.0,5.0,4.0,5.0,5.0,5.0,4.0,4.0,5.0
3.0,4.0,3.0,4.0,4.0,4.0,3.0,3.0,3.0,3.0,3.0
3.0,3.0,3.0,3.0,3.0,3.0,3.0,3.0,2.0,3.0,3.0
4.0,4.0,4.0,4.0,4.0,4.0,4.0,4.0,4.0,4.0,4.0
,,,,,,,1.0,,,
4.0,3.0,4.0,3.0,4.0,4.0,4.0,4.0,3.0,3.0,4.0
3.0,3.0,3.0,3.0,3.0,3.0,3.0,3.0,3.0,3.0,3.0
3.0,3.0,3.0,3.0,3.0,3.0,3.0,3.0,3.0,3.0,3.0
3.0,3.0,3.0,3.0,3.0,3.0,3.0,3.0,3.0,3.0,3.0
5.0,4.0,4.0,4.0,4.0,4.0,4.0,4.0,4.0,4.0,4.0
4.0,4.0,4.0,4.0,4.0,4.0,4.0,,4.0,4.0,4.0
4.0,4.0,4.0,4.0,4.0,4.0,4.0,4.0,4.0,4.0,4.0
5.0,5.0,5.0,5.0,5.0,5.0,5.0,,5.0,5.0,4.0
5.0,5.0,5.0,5.0,5.0,5.0,4.0,5.0,5.0,5.0,4.0
3.0,3.0,3.0,3.0,3.0,3.0,3.0,3.0,3.0,3.0,3.0
4.0,4.0,4.0,4.0,4.0,4.0,4.0,4.0,4.0,4.0,4.0
5.0,5.0,5.0,3.0,3.0,3.0,3.0,3.0,3.0,3.0,3.0
3.0,3.0,1.0,3.0,3.0,1.0,,,3.0,3.0,4.0
5.0,5.0,5.0,5.0,5.0,5.0,5.0,5.0,5.0,5.0,4.0
5.0,5.0,4.0,5.0,4.0,4.0,4.0,4.0,4.0,5.0,4.0
3.0,3.0,4.0,3.0,3.0,3.0,3.0,4.0,3.0,3.0,3.0
3.0,2.0,3.0,2.0,3.0,3.0,3.0,3.0,3.0,3.0,2.0
4.0,4.0,4.0,4.0,4.0,4.0,,4.0,4.0,4.0,4.0
5.0,5.0,5.0,5.0,5.0,4.0,4.0,4.0,5.0,5.0,5.0
4.0,4.0,3.0,3.0,4.0,4.0,4.0,4.0,4.0,4.0,4.0
5.0,5.0,5.0,5.0,5.0,5.0,4.0,5.0,5.0,5.0,5.0
4.0,4.0,4.0,4.0,4.0,4.0,4.0,4.0,4.0,4.0,4.0
5.0,4.0,4.0,5.0,4.0,4.0,4.0,4.0,4.0,4.0,4.0
3.0,3.0,2.0,3.0,3.0,2.0,3.0,,3.0,3.0,1.0
,,,,,,,,,,
1.0,1.0,2.0,1.0,1.0,1.0,2.0,2.0,1.0,1.0,1.0
5.0,5.0,5.0,5.0,5.0,5.0,5.0,5.0,3.0,3.0,3.0
4.0,4.0,4.0,4.0,4.0,4.0,4.0,4.0,4.0,4.0,4.0
3.0,3.0,4.0,3.0,3.0,3.0,4.0,,3.0,3.0,3.0
4.0,4.0,4.0,4.0,4.0,,1.0,,,4.0,
5.0,5.0,5.0,5.0,5.0,5.0,5.0,5.0,5.0,5.0,5.0
4.0,3.0,4.0,3.0,4.0,4.0,4.0,4.0,3.0,3.0,4.0
4.0,4.0,4.0,4.0,4.0,4.0,4.0,4.0,4.0,4.0,4.0
4.0,3.0,4.0,3.0,3.0,3.0,4.0,4.0,3.0,3.0,3.0
,,,,,,,,,,
5.0,5.0,5.0,5.0,5.0,5.0,5.0,5.0,5.0,5.0,5.0
3.0,3.0,2.0,3.0,3.0,3.0,3.0,3.0,3.0,3.0,1.0
5.0,5.0,5.0,5.0,5.0,5.0,5.0,5.0,5.0,5.0,5.0
4.0,4.0,4.0,4.0,4.0,4.0,4.0,4.0,4.0,4.0,4.0
2.0,3.0,2.0,3.0,2.0,3.0,3.0,3.0,2.0,2.0,2.0
,3.0,3.0,3.0,3.0,3.0,3.0,4.0,3.0,3.0,
,,4.0,3.0,4.0,4.0,4.0,4.0,3.0,3.0,4.0
5.0,4.0,4.0,4.0,4.0,4.0,,4.0,4.0,4.0,4.0
4.0,4.0,4.0,4.0,4.0,4.0,4.0,4.0,4.0,4.0,4.0
3.0,3.0,3.0,3.0,3.0,3.0,4.0,3.0,3.0,3.0,3.0
5.0,5.0,5.0,5.0,5.0,5.0,5.0,5.0,5.0,5.0,5.0
5.0,4.0,4.0,5.0,4.0,4.0,4.0,4.0,4.0,4.0,4.0
3.0,3.0,3.0,3.0,3.0,3.0,3.0,3.0,2.0,2.0,3.0
3.0,3.0,3.0,3.0,3.0,3.0,3.0,3.0,3.0,3.0,3.0
5.0,5.0,5.0,5.0,5.0,5.0,4.0,4.0,5.0,5.0,4.0
3.0,3.0,3.0,3.0,3.0,3.0,4.0,4.0,3.0,3.0,3.0
5.0,5.0,5.0,5.0,5.0,5.0,5.0,5.0,5.0,5.0,4.0
4.0,4.0,4.0,4.0,4.0,4.0,4.0,,4.0,4.0,4.0
4.0,4.0,4.0,4.0,4.0,4.0,4.0,4.0,4.0,4.0,4.0
4.0,4.0,3.0,4.0,3.0,4.0,3.0,3.0,3.0,4.0,3.0
3.0,3.0,3.0,3.0,3.0,3.0,3.0,3.0,2.0,2.0,2.0
5.0,5.0,5.0,5.0,5.0,4.0,4.0,4.0,5.0,4.0,4.0
,5.0,5.0,5.0,5.0,5.0,5.0,5.0,,5.0,5.0
5.0,5.0,4.0,4.0,4.0,4.0,4.0,4.0,4.0,4.0,4.0
5.0,5.0,3.0,5.0,3.0,3.0,3.0,,5.0,3.0,3.0
3.0,3.0,3.0,3.0,3.0,3.0,3.0,3.0,3.0,3.0,3.0
3.0,3.0,3.0,3.0,3.0,,,,3.0,3.0,
5.0,5.0,5.0,5.0,5.0,5.0,5.0,5.0,4.0,4.0,4.0
4.0,4.0,4.0,4.0,4.0,4.0,3.0,4.0,4.0,4.0,3.0
5.0,5.0,5.0,5.0,4.0,4.0,4.0,4.0,4.0,4.0,4.0
3.0,2.0,3.0,3.0,3.0,3.0,3.0,3.0,3.0,3.0,3.0
5.0,5.0,5.0,5.0,5.0,4.0,4.0,4.0,5.0,5.0,4.0
3.0,3.0,3.0,3.0,3.0,3.0,4.0,4.0,3.0,3.0,3.0
1.0,1.0,3.0,1.0,3.0,3.0,4.0,3.0,1.0,3.0,3.0
3.0,3.0,3.0,3.0,3.0,3.0,3.0,3.0,3.0,3.0,3.0
4.0,4.0,4.0,3.0,4.0,,,,3.0,3.0,
5.0,4.0,4.0,4.0,4.0,4.0,4.0,,4.0,4.0,4.0
3.0,3.0,3.0,3.0,3.0,3.0,3.0,3.0,3.0,3.0,3.0
1.0,2.0,2.0,2.0,2.0,3.0,3.0,3.0,1.0,1.0,2.0
5.0,,5.0,5.0,5.0,5.0,5.0,5.0,5.0,5.0,5.0
4.0,5.0,4.0,5.0,4.0,3.0,4.0,4.0,3.0,3.0,3.0
5.0,5.0,4.0,4.0,4.0,4.0,4.0,4.0,4.0,4.0,4.0
5.0,5.0,4.0,4.0,4.0,5.0,4.0,4.0,3.0,4.0,4.0
5.0,4.0,5.0,5.0,5.0,3.0,4.0,4.0,4.0,4.0,4.0
4.0,5.0,4.0,4.0,4.0,4.0,4.0,4.0,4.0,4.0,4.0
,,,,,,,,,,
4.0,4.0,4.0,4.0,4.0,4.0,4.0,,4.0,4.0,4.0
,4.0,4.0,4.0,4.0,3.0,4.0,4.0,4.0,4.0,4.0
3.0,3.0,5.0,3.0,5.0,5.0,4.0,4.0,5.0,3.0,3.0
3.0,3.0,3.0,3.0,3.0,3.0,4.0,3.0,3.0,3.0,3.0
3.0,3.0,3.0,3.0,3.0,3.0,4.0,3.0,3.0,3.0,3.0
1.0,3.0,,3.0,2.0,,,,1.0,2.0,2.0
3.0,3.0,3.0,2.0,3.0,2.0,3.0,,2.0,2.0,2.0
3.0,3.0,3.0,3.0,3.0,3.0,,3.0,3.0,3.0,3.0
5.0,4.0,4.0,4.0,4.0,4.0,,,4.0,4.0,4.0
1.0,3.0,3.0,3.0,2.0,3.0,,,1.0,2.0,
4.0,4.0,4.0,4.0,4.0,3.0,3.0,4.0,4.0,4.0,4.0
4.0,4.0,4.0,4.0,4.0,4.0,3.0,3.0,3.0,3.0,3.0
4.0,4.0,4.0,4.0,4.0,4.0,4.0,4.0,4.0,4.0,4.0
4.0,5.0,5.0,5.0,4.0,4.0,,4.0,4.0,4.0,4.0
3.0,3.0,3.0,3.0,3.0,3.0,3.0,3.0,3.0,3.0,3.0
3.0,3.0,4.0,3.0,3.0,4.0,4.0,4.0,3.0,3.0,3.0
3.0,4.0,3.0,3.0,3.0,4.0,3.0,3.0,3.0,3.0,3.0
4.0,3.0,4.0,4.0,4.0,4.0,4.0,4.0,4.0,4.0,4.0
1.0,3.0,2.0,3.0,2.0,2.0,3.0,3.0,3.0,3.0,1.0
3.0,3.0,4.0,3.0,1.0,,,,,,1.0
3.0,3.0,3.0,3.0,3.0,3.0,3.0,3.0,3.0,3.0,4.0
3.0,3.0,3.0,3.0,3.0,3.0,3.0,3.0,3.0,3.0,3.0
3.0,3.0,3.0,4.0,4.0,3.0,3.0,4.0,3.0,4.0,3.0
4.0,4.0,4.0,4.0,4.0,4.0,,4.0,4.0,4.0,4.0
3.0,3.0,3.0,3.0,3.0,3.0,4.0,4.0,2.0,3.0,3.0
5.0,5.0,5.0,5.0,5.0,5.0,5.0,5.0,5.0,5.0,5.0
4.0,4.0,4.0,4.0,4.0,3.0,4.0,4.0,4.0,4.0,4.0
3.0,3.0,3.0,3.0,3.0,3.0,3.0,3.0,2.0,3.0,3.0
4.0,3.0,3.0,3.0,4.0,3.0,3.0,3.0,3.0,3.0,3.0
4.0,4.0,4.0,4.0,4.0,4.0,4.0,,4.0,4.0,4.0
2.0,3.0,2.0,3.0,3.0,2.0,3.0,3.0,2.0,2.0,2.0
3.0,3.0,3.0,3.0,3.0,3.0,,3.0,3.0,3.0,3.0
3.0,3.0,,3.0,3.0,,,,,,
4.0,4.0,4.0,4.0,4.0,4.0,4.0,4.0,4.0,4.0,4.0
4.0,4.0,4.0,4.0,4.0,4.0,4.0,4.0,4.0,4.0,4.0
4.0,3.0,4.0,3.0,3.0,3.0,3.0,3.0,3.0,3.0,3.0
5.0,4.0,4.0,4.0,4.0,4.0,4.0,4.0,4.0,4.0,4.0
,,,4.0,,4.0,4.0,4.0,,,3.0
5.0,5.0,5.0,5.0,5.0,5.0,5.0,5.0,5.0,4.0,4.0
5.0,5.0,5.0,5.0,5.0,5.0,,5.0,5.0,4.0,4.0
3.0,3.0,4.0,3.0,4.0,3.0,4.0,4.0,3.0,3.0,3.0
,,,,,,,,,,
5.0,5.0,4.0,5.0,4.0,4.0,4.0,4.0,4.0,4.0,4.0
4.0,3.0,4.0,3.0,4.0,3.0,3.0,3.0,3.0,3.0,2.0
3.0,3.0,3.0,3.0,3.0,3.0,3.0,3.0,3.0,3.0,3.0
5.0,5.0,5.0,5.0,5.0,5.0,5.0,5.0,5.0,5.0,5.0
5.0,5.0,5.0,5.0,5.0,5.0,4.0,4.0,5.0,5.0,4.0
,4.0,3.0,3.0,4.0,4.0,4.0,,3.0,4.0,4.0
4.0,3.0,3.0,3.0,3.0,3.0,,,3.0,3.0,3.0
3.0,3.0,3.0,3.0,3.0,3.0,,3.0,3.0,3.0,2.0
3.0,3.0,4.0,3.0,4.0,3.0,4.0,4.0,3.0,3.0,3.0
,1.0,1.0,3.0,4.0,,,,,,
,4.0,4.0,4.0,4.0,4.0,4.0,4.0,4.0,4.0,4.0
,,,4.0,,,,,,,
5.0,5.0,5.0,4.0,4.0,5.0,5.0,5.0,5.0,5.0,4.0
5.0,5.0,5.0,5.0,5.0,5.0,5.0,5.0,5.0,5.0,5.0
3.0,3.0,3.0,3.0,3.0,3.0,3.0,3.0,3.0,3.0,3.0
4.0,4.0,4.0,4.0,4.0,4.0,4.0,4.0,4.0,4.0,4.0
2.0,3.0,2.0,3.0,2.0,3.0,3.0,3.0,3.0,2.0,3.0
5.0,5.0,5.0,5.0,5.0,4.0,4.0,5.0,5.0,4.0,4.0
5.0,5.0,5.0,5.0,5.0,5.0,5.0,4.0,5.0,5.0,4.0
5.0,5.0,5.0,5.0,5.0,5.0,,,5.0,5.0,5.0
3.0,4.0,4.0,4.0,4.0,4.0,4.0,4.0,3.0,3.0,4.0
3.0,3.0,3.0,3.0,3.0,3.0,3.0,2.0,3.0,3.0,3.0
3.0,3.0,3.0,3.0,3.0,,,,3.0,3.0,3.0
4.0,4.0,4.0,4.0,4.0,4.0,4.0,4.0,4.0,4.0,4.0
4.0,4.0,4.0,4.0,4.0,4.0,4.0,4.0,4.0,4.0,4.0
3.0,3.0,3.0,3.0,3.0,3.0,,3.0,3.0,3.0,3.0
5.0,5.0,5.0,5.0,5.0,5.0,5.0,5.0,5.0,5.0,5.0
5.0,5.0,5.0,5.0,5.0,5.0,5.0,5.0,5.0,5.0,5.0
4.0,4.0,4.0,4.0,4.0,3.0,,4.0,3.0,3.0,4.0
5.0,5.0,4.0,5.0,5.0,5.0,4.0,4.0,5.0,4.0,4.0
5.0,5.0,5.0,5.0,5.0,5.0,5.0,5.0,5.0,5.0,5.0
4.0,4.0,4.0,4.0,4.0,4.0,4.0,,4.0,4.0,4.0
5.0,5.0,4.0,4.0,4.0,5.0,4.0,4.0,4.0,4.0,4.0
5.0,5.0,5.0,5.0,5.0,5.0,5.0,5.0,5.0,5.0,5.0
5.0,5.0,5.0,5.0,5.0,4.0,4.0,4.0,4.0,4.0,4.0
5.0,5.0,5.0,5.0,5.0,5.0,5.0,5.0,4.0,4.0,4.0
3.0,3.0,3.0,3.0,3.0,3.0,3.0,3.0,3.0,3.0,3.0
5.0,5.0,5.0,5.0,5.0,5.0,5.0,5.0,5.0,5.0,5.0
,1.0,1.0,,,1.0,,,1.0,1.0,
4.0,4.0,4.0,3.0,4.0,4.0,4.0,4.0,3.0,4.0,3.0
5.0,5.0,5.0,5.0,5.0,4.0,4.0,4.0,4.0,4.0,4.0
4.0,4.0,4.0,4.0,4.0,4.0,4.0,4.0,4.0,4.0,4.0
3.0,3.0,3.0,3.0,3.0,,,,3.0,3.0,3.0
5.0,5.0,5.0,4.0,5.0,4.0,4.0,4.0,4.0,4.0,4.0
,3.0,,3.0,,3.0,3.0,3.0,,,2.0
3.0,3.0,3.0,3.0,3.0,3.0,4.0,4.0,3.0,3.0,3.0
3.0,3.0,4.0,3.0,4.0,3.0,4.0,4.0,3.0,3.0,3.0
1.0,3.0,3.0,3.0,3.0,3.0,2.0,3.0,3.0,3.0,1.0
5.0,5.0,5.0,5.0,4.0,5.0,4.0,4.0,5.0,4.0,4.0
,,,,,,,,,,
5.0,5.0,4.0,5.0,4.0,4.0,3.0,4.0,4.0,4.0,4.0
2.0,2.0,3.0,2.0,3.0,2.0,3.0,3.0,2.0,2.0,2.0
4.0,4.0,4.0,4.0,4.0,4.0,4.0,4.0,4.0,4.0,4.0
4.0,4.0,4.0,4.0,4.0,4.0,,,4.0,4.0,4.0
3.0,3.0,3.0,3.0,3.0,3.0,3.0,3.0,3.0,3.0,3.0
5.0,5.0,5.0,5.0,5.0,5.0,5.0,5.0,5.0,5.0,5.0
3.0,3.0,4.0,4.0,4.0,4.0,4.0,4.0,4.0,4.0,4.0
,4.0,3.0,4.0,3.0,4.0,4.0,3.0,4.0,3.0,
5.0,4.0,4.0,4.0,4.0,4.0,4.0,4.0,4.0,4.0,4.0
4.0,4.0,4.0,4.0,4.0,4.0,4.0,,3.0,4.0,4.0
4.0,3.0,4.0,3.0,4.0,3.0,4.0,4.0,3.0,3.0,3.0
4.0,4.0,4.0,4.0,4.0,,,,4.0,4.0,4.0
3.0,3.0,,2.0,3.0,,,,3.0,3.0,3.0
3.0,3.0,3.0,3.0,3.0,3.0,3.0,3.0,3.0,3.0,3.0
5.0,4.0,4.0,5.0,4.0,4.0,5.0,4.0,4.0,4.0,4.0
4.0,4.0,4.0,4.0,4.0,4.0,4.0,4.0,4.0,4.0,4.0
5.0,5.0,5.0,5.0,5.0,5.0,4.0,5.0,5.0,5.0,4.0
3.0,4.0,3.0,4.0,3.0,4.0,,,2.0,2.0,
4.0,4.0,4.0,4.0,4.0,4.0,4.0,4.0,4.0,4.0,4.0
4.0,4.0,4.0,4.0,4.0,4.0,4.0,4.0,3.0,4.0,4.0
,5.0,,5.0,4.0,4.0,4.0,,4.0,4.0,4.0
4.0,4.0,4.0,3.0,3.0,3.0,4.0,4.0,3.0,3.0,3.0
4.0,4.0,,4.0,,4.0,,,4.0,4.0,4.0
4.0,4.0,4.0,4.0,4.0,4.0,4.0,,4.0,4.0,3.0
5.0,5.0,5.0,5.0,5.0,4.0,4.0,4.0,4.0,4.0,4.0
5.0,5.0,5.0,5.0,5.0,5.0,4.0,4.0,5.0,4.0,4.0
1.0,1.0,1.0,1.0,2.0,3.0,3.0,3.0,1.0,1.0,1.0
5.0,5.0,5.0,5.0,5.0,5.0,5.0,5.0,5.0,5.0,4.0
,,5.0,4.0,,,,,,4.0,
4.0,4.0,4.0,4.0,4.0,4.0,4.0,4.0,4.0,4.0,4.0
4.0,4.0,4.0,4.0,4.0,4.0,4.0,3.0,4.0,4.0,3.0
3.0,3.0,3.0,3.0,3.0,3.0,3.0,3.0,3.0,3.0,2.0
5.0,5.0,5.0,5.0,5.0,5.0,5.0,4.0,4.0,4.0,4.0
5.0,4.0,5.0,5.0,5.0,5.0,5.0,5.0,5.0,4.0,5.0
4.0,4.0,4.0,4.0,4.0,2.0,3.0,3.0,2.0,3.0,3.0
4.0,4.0,4.0,4.0,4.0,4.0,4.0,4.0,4.0,4.0,3.0
,,4.0,4.0,4.0,4.0,,,4.0,4.0,4.0
2.0,2.0,3.0,4.0,4.0,3.0,4.0,4.0,3.0,3.0,3.0
5.0,5.0,5.0,5.0,5.0,5.0,5.0,5.0,5.0,5.0,5.0
,,,5.0,,,,,5.0,5.0,
2.0,2.0,2.0,2.0,2.0,2.0,3.0,3.0,2.0,2.0,2.0
5.0,5.0,4.0,5.0,4.0,5.0,4.0,5.0,4.0,5.0,5.0
1.0,1.0,2.0,3.0,3.0,3.0,,2.0,1.0,1.0,2.0
5.0,5.0,5.0,5.0,5.0,5.0,5.0,5.0,5.0,5.0,5.0
5.0,5.0,5.0,5.0,5.0,4.0,4.0,,5.0,4.0,4.0
5.0,5.0,4.0,4.0,4.0,5.0,5.0,5.0,4.0,4.0,4.0
5.0,5.0,5.0,5.0,5.0,4.0,4.0,4.0,5.0,4.0,4.0
5.0,5.0,5.0,5.0,5.0,5.0,5.0,5.0,5.0,5.0,5.0
5.0,5.0,4.0,5.0,5.0,,,,5.0,5.0,
4.0,4.0,4.0,4.0,4.0,4.0,4.0,4.0,4.0,4.0,4.0
2.0,2.0,3.0,2.0,3.0,2.0,3.0,3.0,2.0,2.0,2.0
5.0,5.0,5.0,5.0,5.0,5.0,5.0,,5.0,5.0,5.0
3.0,3.0,3.0,3.0,3.0,3.0,3.0,4.0,3.0,3.0,3.0
3.0,3.0,3.0,3.0,3.0,3.0,3.0,3.0,3.0,3.0,2.0
5.0,5.0,5.0,5.0,5.0,5.0,5.0,5.0,5.0,5.0,4.0
5.0,5.0,5.0,5.0,5.0,5.0,5.0,5.0,5.0,5.0,5.0
5.0,5.0,5.0,5.0,4.0,3.0,3.0,3.0,3.0,4.0,4.0
5.0,4.0,4.0,4.0,4.0,4.0,4.0,4.0,4.0,4.0,4.0
4.0,3.0,4.0,3.0,4.0,,,,3.0,3.0,4.0
4.0,4.0,4.0,4.0,4.0,4.0,4.0,4.0,4.0,4.0,4.0
3.0,3.0,3.0,3.0,3.0,2.0,3.0,3.0,2.0,2.0,3.0
3.0,3.0,3.0,3.0,3.0,3.0,3.0,3.0,3.0,3.0,3.0
3.0,3.0,3.0,3.0,3.0,4.0,4.0,4.0,3.0,3.0,3.0
4.0,3.0,4.0,4.0,4.0,4.0,4.0,,3.0,4.0,4.0
5.0,5.0,5.0,5.0,5.0,5.0,,,5.0,5.0,4.0
3.0,3.0,3.0,3.0,3.0,3.0,3.0,3.0,3.0,3.0,3.0
2.0,3.0,2.0,3.0,2.0,3.0,3.0,,3.0,3.0,2.0
3.0,3.0,4.0,3.0,4.0,3.0,4.0,4.0,3.0,3.0,3.0
,3.0,,4.0,4.0,4.0,,,,,3.0
4.0,5.0,4.0,4.0,4.0,4.0,4.0,4.0,4.0,4.0,4.0
5.0,5.0,4.0,4.0,4.0,4.0,4.0,4.0,4.0,5.0,4.0
4.0,3.0,4.0,3.0,4.0,3.0,4.0,4.0,3.0,3.0,3.0
3.0,3.0,3.0,3.0,3.0,3.0,4.0,4.0,3.0,3.0,3.0
5.0,5.0,4.0,4.0,4.0,,,,4.0,5.0,4.0
2.0,2.0,4.0,2.0,4.0,2.0,4.0,4.0,2.0,2.0,4.0
5.0,4.0,4.0,4.0,4.0,4.0,4.0,,4.0,4.0,4.0
5.0,5.0,5.0,5.0,5.0,5.0,5.0,5.0,5.0,5.0,5.0
4.0,3.0,4.0,3.0,4.0,4.0,4.0,4.0,3.0,3.0,4.0
4.0,4.0,4.0,4.0,4.0,4.0,,,3.0,4.0,
3.0,3.0,4.0,3.0,4.0,,,4.0,3.0,3.0,
4.0,4.0,4.0,4.0,4.0,4.0,4.0,,4.0,4.0,4.0
1.0,1.0,1.0,1.0,1.0,1.0,1.0,1.0,1.0,1.0,1.0
4.0,4.0,4.0,4.0,4.0,4.0,4.0,4.0,4.0,4.0,4.0
,,,,,,,,,,
,,,3.0,4.0,3.0,3.0,3.0,,,3.0
3.0,3.0,4.0,3.0,4.0,3.0,4.0,4.0,3.0,3.0,3.0
5.0,5.0,4.0,4.0,4.0,4.0,4.0,,4.0,4.0,4.0
4.0,4.0,4.0,3.0,4.0,3.0,4.0,4.0,4.0,3.0,4.0
3.0,3.0,2.0,3.0,3.0,3.0,2.0,2.0,2.0,3.0,2.0
4.0,4.0,4.0,4.0,4.0,4.0,4.0,4.0,4.0,4.0,4.0
5.0,5.0,5.0,5.0,5.0,5.0,5.0,5.0,5.0,5.0,4.0
4.0,4.0,4.0,4.0,4.0,4.0,4.0,4.0,4.0,4.0,4.0
4.0,4.0,4.0,3.0,3.0,3.0,4.0,4.0,3.0,3.0,3.0
4.0,4.0,4.0,3.0,4.0,3.0,4.0,4.0,3.0,3.0,3.0
5.0,5.0,5.0,5.0,4.0,4.0,4.0,4.0,4.0,4.0,4.0
5.0,5.0,5.0,5.0,5.0,5.0,4.0,,5.0,5.0,4.0
4.0,4.0,3.0,3.0,4.0,3.0,3.0,3.0,3.0,3.0,3.0
4.0,5.0,4.0,4.0,4.0,5.0,4.0,4.0,4.0,4.0,4.0
5.0,5.0,5.0,5.0,5.0,5.0,5.0,5.0,5.0,5.0,5.0
,5.0,5.0,5.0,5.0,5.0,5.0,5.0,,,
,4.0,4.0,4.0,4.0,4.0,4.0,,3.0,4.0,4.0
3.0,3.0,3.0,3.0,3.0,3.0,3.0,3.0,3.0,3.0,3.0
4.0,4.0,4.0,4.0,4.0,4.0,4.0,4.0,4.0,4.0,4.0
5.0,5.0,5.0,5.0,5.0,5.0,5.0,5.0,5.0,5.0,5.0
3.0,3.0,3.0,3.0,3.0,3.0,3.0,3.0,3.0,3.0,3.0
,4.0,3.0,3.0,3.0,3.0,3.0,3.0,3.0,3.0,3.0
3.0,3.0,3.0,3.0,3.0,3.0,3.0,3.0,3.0,3.0,3.0
4.0,4.0,4.0,4.0,4.0,4.0,4.0,4.0,3.0,3.0,4.0
5.0,5.0,5.0,5.0,5.0,5.0,5.0,5.0,5.0,5.0,5.0
4.0,3.0,5.0,4.0,4.0,3.0,5.0,3.0,3.0,3.0,5.0
1.0,1.0,1.0,1.0,1.0,1.0,2.0,1.0,1.0,1.0,1.0
4.0,5.0,3.0,5.0,4.0,4.0,4.0,4.0,4.0,4.0,4.0
5.0,5.0,5.0,5.0,5.0,5.0,5.0,5.0,5.0,4.0,4.0
3.0,3.0,4.0,3.0,3.0,3.0,4.0,3.0,3.0,3.0,3.0
4.0,4.0,3.0,3.0,,4.0,,,4.0,4.0,4.0
4.0,4.0,4.0,4.0,4.0,4.0,4.0,,4.0,3.0,4.0
4.0,4.0,4.0,4.0,4.0,4.0,3.0,4.0,4.0,4.0,4.0
4.0,4.0,4.0,4.0,4.0,3.0,4.0,4.0,3.0,4.0,4.0
4.0,4.0,4.0,3.0,4.0,4.0,4.0,4.0,3.0,3.0,3.0
,,1.0,,1.0,,,,,,
2.0,2.0,3.0,3.0,3.0,3.0,4.0,4.0,2.0,2.0,3.0
3.0,3.0,3.0,3.0,3.0,3.0,3.0,4.0,3.0,3.0,3.0
4.0,4.0,4.0,4.0,4.0,4.0,5.0,4.0,5.0,5.0,4.0
3.0,3.0,3.0,3.0,3.0,3.0,4.0,3.0,3.0,3.0,3.0
2.0,3.0,2.0,3.0,3.0,2.0,3.0,3.0,2.0,3.0,3.0
5.0,5.0,5.0,5.0,5.0,5.0,5.0,5.0,5.0,4.0,4.0
3.0,3.0,3.0,3.0,3.0,3.0,3.0,3.0,3.0,3.0,3.0
,,,,,,,,,,
,4.0,3.0,4.0,3.0,4.0,3.0,3.0,,,3.0
4.0,4.0,4.0,4.0,4.0,4.0,4.0,4.0,3.0,3.0,3.0
1.0,3.0,2.0,3.0,3.0,3.0,2.0,2.0,3.0,3.0,1.0
4.0,4.0,4.0,4.0,4.0,4.0,4.0,4.0,4.0,4.0,4.0
5.0,5.0,4.0,5.0,5.0,4.0,4.0,4.0,4.0,4.0,4.0
5.0,5.0,5.0,5.0,5.0,5.0,4.0,5.0,5.0,5.0,5.0
3.0,3.0,3.0,3.0,3.0,3.0,3.0,3.0,3.0,3.0,3.0
5.0,4.0,4.0,4.0,4.0,4.0,4.0,4.0,4.0,4.0,4.0
4.0,4.0,4.0,4.0,4.0,4.0,4.0,4.0,4.0,4.0,4.0
3.0,3.0,3.0,3.0,3.0,3.0,4.0,3.0,3.0,3.0,3.0
,4.0,4.0,4.0,4.0,4.0,4.0,,4.0,4.0,4.0
5.0,5.0,5.0,5.0,5.0,5.0,5.0,5.0,5.0,5.0,5.0
3.0,2.0,2.0,3.0,3.0,3.0,3.0,3.0,3.0,3.0,2.0
5.0,5.0,5.0,5.0,5.0,5.0,5.0,5.0,5.0,5.0,5.0
4.0,3.0,4.0,4.0,4.0,,,,3.0,3.0,3.0
3.0,3.0,3.0,3.0,3.0,3.0,3.0,4.0,3.0,3.0,3.0
4.0,4.0,4.0,4.0,4.0,4.0,,,4.0,4.0,3.0
,4.0,3.0,3.0,3.0,4.0,3.0,,3.0,4.0,3.0
5.0,5.0,5.0,5.0,5.0,5.0,5.0,5.0,5.0,5.0,5.0
,5.0,,5.0,5.0,5.0,4.0,4.0,,,4.0
3.0,3.0,3.0,3.0,3.0,3.0,3.0,3.0,2.0,3.0,3.0
,5.0,4.0,5.0,5.0,4.0,4.0,4.0,5.0,5.0,5.0
3.0,3.0,3.0,3.0,3.0,3.0,,,3.0,3.0,3.0
1.0,1.0,1.0,1.0,1.0,1.0,2.0,2.0,1.0,1.0,1.0
3.0,3.0,3.0,3.0,3.0,3.0,3.0,3.0,3.0,3.0,3.0
,3.0,,3.0,3.0,4.0,4.0,4.0,3.0,,3.0
4.0,4.0,4.0,3.0,4.0,3.0,4.0,4.0,3.0,3.0,3.0
5.0,4.0,4.0,4.0,4.0,4.0,4.0,,4.0,,4.0
5.0,5.0,5.0,5.0,5.0,5.0,5.0,5.0,5.0,5.0,5.0
4.0,4.0,4.0,3.0,4.0,3.0,4.0,,3.0,3.0,4.0
3.0,4.0,4.0,3.0,4.0,4.0,4.0,4.0,3.0,4.0,3.0
4.0,4.0,4.0,4.0,4.0,4.0,4.0,4.0,4.0,4.0,4.0
5.0,5.0,5.0,5.0,5.0,5.0,5.0,5.0,5.0,5.0,5.0
5.0,5.0,4.0,5.0,4.0,4.0,4.0,4.0,5.0,5.0,5.0
,,,,,,,,,,
3.0,3.0,3.0,3.0,3.0,3.0,2.0,1.0,1.0,3.0,1.0
4.0,4.0,4.0,4.0,4.0,4.0,4.0,,4.0,4.0,4.0
5.0,5.0,5.0,5.0,5.0,5.0,5.0,5.0,5.0,5.0,5.0
5.0,5.0,,5.0,5.0,5.0,,,,,4.0
4.0,4.0,4.0,3.0,3.0,4.0,3.0,3.0,3.0,3.0,3.0
4.0,4.0,4.0,3.0,3.0,4.0,4.0,,4.0,4.0,4.0
,,,,,,,,,,
3.0,3.0,3.0,3.0,4.0,5.0,5.0,4.0,3.0,3.0,3.0
3.0,3.0,4.0,3.0,3.0,3.0,3.0,4.0,3.0,4.0,3.0
3.0,3.0,2.0,3.0,3.0,2.0,,3.0,2.0,2.0,2.0
1.0,3.0,1.0,3.0,1.0,1.0,1.0,1.0,1.0,1.0,1.0
4.0,4.0,3.0,2.0,3.0,2.0,3.0,4.0,2.0,4.0,2.0
5.0,5.0,5.0,5.0,5.0,5.0,5.0,5.0,5.0,5.0,5.0
3.0,3.0,4.0,3.0,3.0,3.0,4.0,4.0,3.0,3.0,3.0
3.0,3.0,3.0,3.0,3.0,3.0,4.0,4.0,3.0,3.0,3.0
3.0,4.0,4.0,4.0,4.0,4.0,4.0,4.0,4.0,4.0,3.0
4.0,4.0,4.0,4.0,4.0,4.0,4.0,4.0,4.0,4.0,4.0
4.0,4.0,4.0,4.0,4.0,3.0,4.0,3.0,3.0,3.0,4.0
5.0,5.0,5.0,5.0,5.0,5.0,4.0,4.0,5.0,5.0,4.0
5.0,5.0,5.0,5.0,5.0,4.0,4.0,5.0,5.0,5.0,4.0
1.0,3.0,1.0,3.0,1.0,3.0,1.0,,1.0,1.0,1.0
,5.0,5.0,4.0,5.0,,,,,,
4.0,4.0,3.0,4.0,4.0,4.0,,,3.0,3.0,3.0
5.0,5.0,5.0,5.0,4.0,4.0,,,4.0,4.0,4.0
1.0,3.0,2.0,3.0,2.0,1.0,2.0,,1.0,1.0,1.0
3.0,3.0,3.0,3.0,3.0,3.0,3.0,3.0,3.0,3.0,3.0
4.0,3.0,4.0,3.0,4.0,,,,,,
4.0,4.0,4.0,4.0,4.0,4.0,4.0,4.0,4.0,4.0,3.0
4.0,1.0,4.0,4.0,4.0,1.0,,1.0,5.0,4.0,4.0
4.0,4.0,4.0,4.0,4.0,4.0,5.0,4.0,4.0,4.0,4.0
3.0,3.0,3.0,3.0,3.0,3.0,3.0,3.0,3.0,3.0,3.0
3.0,3.0,3.0,3.0,3.0,3.0,4.0,,3.0,4.0,3.0
5.0,5.0,5.0,5.0,5.0,5.0,5.0,,5.0,5.0,5.0
4.0,4.0,4.0,4.0,4.0,,,,4.0,4.0,4.0
1.0,1.0,1.0,1.0,1.0,1.0,1.0,,1.0,1.0,1.0
4.0,4.0,4.0,3.0,4.0,4.0,4.0,4.0,4.0,4.0,4.0
5.0,5.0,5.0,5.0,5.0,5.0,5.0,5.0,5.0,5.0,5.0
5.0,5.0,5.0,5.0,4.0,4.0,4.0,4.0,4.0,4.0,4.0
3.0,3.0,3.0,4.0,4.0,4.0,3.0,3.0,3.0,3.0,3.0
4.0,4.0,4.0,4.0,4.0,3.0,4.0,4.0,3.0,4.0,4.0
5.0,5.0,5.0,5.0,5.0,5.0,5.0,5.0,5.0,5.0,5.0
,,,5.0,,1.0,,,,1.0,
3.0,3.0,3.0,3.0,3.0,3.0,3.0,3.0,1.0,3.0,3.0
5.0,5.0,5.0,5.0,5.0,5.0,5.0,5.0,5.0,5.0,4.0
3.0,3.0,3.0,3.0,3.0,3.0,,4.0,3.0,3.0,3.0
3.0,3.0,3.0,3.0,3.0,3.0,3.0,3.0,3.0,3.0,1.0
5.0,5.0,4.0,4.0,4.0,4.0,4.0,4.0,4.0,4.0,4.0
4.0,4.0,4.0,4.0,4.0,4.0,4.0,4.0,4.0,4.0,4.0
3.0,3.0,3.0,3.0,4.0,3.0,4.0,4.0,3.0,3.0,3.0
5.0,4.0,4.0,4.0,4.0,4.0,5.0,4.0,4.0,4.0,4.0
3.0,4.0,3.0,4.0,4.0,3.0,3.0,3.0,3.0,3.0,3.0
4.0,3.0,4.0,4.0,,,,,3.0,,
,3.0,2.0,3.0,3.0,3.0,2.0,2.0,1.0,3.0,2.0
3.0,4.0,4.0,4.0,4.0,3.0,4.0,4.0,3.0,3.0,3.0
5.0,5.0,5.0,5.0,5.0,5.0,4.0,5.0,5.0,5.0,5.0
5.0,5.0,4.0,4.0,4.0,5.0,5.0,5.0,4.0,4.0,4.0
5.0,4.0,4.0,4.0,4.0,4.0,4.0,4.0,4.0,4.0,4.0
4.0,4.0,4.0,4.0,4.0,4.0,4.0,4.0,4.0,4.0,4.0
1.0,1.0,2.0,2.0,2.0,1.0,2.0,,1.0,1.0,2.0
5.0,5.0,5.0,5.0,5.0,5.0,,4.0,5.0,5.0,4.0
4.0,4.0,4.0,4.0,4.0,4.0,4.0,4.0,4.0,4.0,4.0
5.0,4.0,4.0,4.0,4.0,4.0,4.0,4.0,4.0,4.0,4.0
5.0,5.0,5.0,5.0,5.0,5.0,5.0,5.0,5.0,5.0,5.0
4.0,4.0,4.0,4.0,4.0,4.0,4.0,4.0,4.0,4.0,4.0
5.0,5.0,5.0,5.0,5.0,5.0,5.0,5.0,5.0,5.0,5.0
,5.0,4.0,5.0,,,,,,,
,3.0,3.0,3.0,3.0,3.0,,3.0,3.0,3.0,2.0
4.0,4.0,4.0,4.0,4.0,4.0,4.0,4.0,4.0,4.0,4.0
4.0,4.0,4.0,4.0,4.0,4.0,4.0,4.0,4.0,4.0,4.0
4.0,4.0,4.0,4.0,4.0,3.0,4.0,4.0,3.0,3.0,4.0
4.0,3.0,4.0,3.0,4.0,3.0,3.0,4.0,3.0,3.0,3.0
4.0,4.0,4.0,4.0,4.0,4.0,,,4.0,4.0,4.0
4.0,4.0,4.0,4.0,4.0,4.0,4.0,4.0,4.0,4.0,4.0
4.0,4.0,4.0,3.0,4.0,4.0,4.0,4.0,4.0,4.0,4.0
3.0,3.0,4.0,4.0,4.0,3.0,3.0,3.0,3.0,3.0,2.0
4.0,4.0,4.0,4.0,4.0,4.0,4.0,4.0,4.0,4.0,4.0
3.0,4.0,4.0,3.0,4.0,3.0,4.0,,3.0,3.0,2.0
4.0,4.0,4.0,4.0,4.0,4.0,4.0,4.0,4.0,4.0,3.0
3.0,3.0,3.0,3.0,3.0,3.0,3.0,3.0,2.0,3.0,3.0
5.0,5.0,4.0,5.0,4.0,5.0,5.0,5.0,4.0,4.0,4.0
1.0,1.0,1.0,1.0,1.0,1.0,1.0,,1.0,1.0,1.0
4.0,4.0,4.0,4.0,4.0,3.0,4.0,3.0,3.0,3.0,4.0
3.0,4.0,4.0,3.0,3.0,3.0,4.0,4.0,3.0,3.0,3.0
,3.0,,,,,,,3.0,3.0,3.0
5.0,4.0,4.0,5.0,4.0,4.0,3.0,4.0,4.0,4.0,3.0
5.0,5.0,5.0,5.0,5.0,5.0,5.0,5.0,5.0,5.0,4.0
4.0,4.0,4.0,4.0,4.0,4.0,4.0,4.0,4.0,4.0,4.0
3.0,3.0,3.0,3.0,3.0,3.0,4.0,3.0,3.0,3.0,3.0
5.0,5.0,5.0,5.0,5.0,5.0,4.0,4.0,5.0,4.0,4.0
3.0,3.0,3.0,3.0,3.0,3.0,4.0,4.0,3.0,3.0,3.0
3.0,3.0,3.0,3.0,3.0,3.0,4.0,4.0,3.0,3.0,3.0
3.0,3.0,3.0,3.0,3.0,3.0,,3.0,3.0,3.0,3.0
3.0,3.0,3.0,3.0,3.0,3.0,2.0,3.0,3.0,3.0,1.0
3.0,3.0,4.0,3.0,3.0,3.0,4.0,4.0,3.0,3.0,3.0
5.0,5.0,4.0,4.0,4.0,4.0,4.0,4.0,4.0,4.0,4.0
3.0,3.0,3.0,3.0,3.0,3.0,3.0,3.0,3.0,3.0,3.0
,3.0,4.0,3.0,4.0,2.0,,,2.0,2.0,2.0
2.0,2.0,2.0,2.0,2.0,3.0,3.0,3.0,2.0,2.0,2.0
5.0,5.0,5.0,5.0,4.0,5.0,4.0,4.0,4.0,4.0,4.0
1.0,3.0,2.0,3.0,3.0,1.0,2.0,2.0,1.0,1.0,1.0
5.0,4.0,4.0,4.0,4.0,4.0,4.0,4.0,4.0,4.0,4.0
,,1.0,1.0,1.0,1.0,,,1.0,,1.0
5.0,5.0,4.0,4.0,4.0,4.0,4.0,4.0,4.0,4.0,3.0
4.0,4.0,5.0,4.0,4.0,4.0,4.0,4.0,4.0,4.0,4.0
1.0,1.0,1.0,1.0,1.0,1.0,1.0,1.0,1.0,1.0,1.0
1.0,3.0,1.0,3.0,1.0,1.0,1.0,1.0,1.0,1.0,1.0
1.0,4.0,4.0,4.0,4.0,5.0,3.0,,1.0,1.0,2.0
3.0,3.0,3.0,3.0,3.0,3.0,3.0,3.0,3.0,3.0,3.0
5.0,5.0,5.0,5.0,5.0,5.0,4.0,5.0,5.0,5.0,5.0
1.0,3.0,1.0,3.0,1.0,3.0,3.0,2.0,1.0,1.0,1.0
4.0,4.0,4.0,4.0,4.0,4.0,3.0,3.0,4.0,4.0,3.0
3.0,3.0,3.0,3.0,3.0,3.0,3.0,3.0,3.0,3.0,3.0
5.0,5.0,4.0,5.0,5.0,5.0,4.0,4.0,5.0,4.0,4.0
2.0,2.0,2.0,2.0,3.0,2.0,3.0,2.0,2.0,2.0,2.0
4.0,4.0,4.0,4.0,4.0,4.0,4.0,4.0,4.0,4.0,3.0
5.0,4.0,,4.0,4.0,4.0,4.0,4.0,4.0,4.0,4.0
3.0,3.0,,3.0,3.0,3.0,3.0,3.0,3.0,4.0,
5.0,5.0,5.0,5.0,5.0,5.0,5.0,5.0,5.0,5.0,5.0
2.0,3.0,,2.0,,2.0,2.0,3.0,2.0,2.0,2.0
4.0,4.0,4.0,4.0,4.0,4.0,4.0,4.0,4.0,4.0,4.0
4.0,4.0,4.0,4.0,4.0,4.0,4.0,4.0,4.0,4.0,4.0
3.0,3.0,3.0,3.0,3.0,3.0,3.0,3.0,3.0,3.0,3.0
3.0,3.0,3.0,3.0,3.0,3.0,3.0,3.0,3.0,3.0,3.0
5.0,5.0,5.0,4.0,5.0,4.0,4.0,4.0,4.0,4.0,4.0
3.0,3.0,3.0,3.0,3.0,3.0,4.0,4.0,3.0,3.0,3.0
4.0,4.0,4.0,4.0,4.0,4.0,4.0,4.0,4.0,4.0,4.0
5.0,5.0,5.0,5.0,5.0,5.0,,5.0,5.0,5.0,5.0
5.0,5.0,5.0,5.0,5.0,5.0,5.0,5.0,5.0,5.0,5.0
1.0,3.0,1.0,3.0,3.0,3.0,2.0,2.0,1.0,3.0,1.0
3.0,3.0,3.0,3.0,3.0,3.0,4.0,4.0,3.0,3.0,3.0
3.0,3.0,3.0,3.0,3.0,3.0,3.0,3.0,3.0,3.0,
5.0,5.0,5.0,5.0,5.0,5.0,5.0,5.0,5.0,5.0,5.0
3.0,4.0,4.0,4.0,4.0,4.0,4.0,5.0,4.0,4.0,3.0
4.0,4.0,4.0,4.0,4.0,4.0,4.0,4.0,3.0,3.0,4.0
,,,,,,,,4.0,,
3.0,3.0,3.0,3.0,3.0,3.0,3.0,3.0,3.0,3.0,3.0
5.0,5.0,5.0,5.0,5.0,5.0,5.0,5.0,5.0,5.0,5.0
,4.0,,4.0,4.0,4.0,3.0,4.0,,,4.0
5.0,5.0,5.0,5.0,4.0,4.0,4.0,4.0,4.0,4.0,4.0
5.0,5.0,5.0,5.0,5.0,5.0,4.0,5.0,5.0,5.0,5.0
5.0,4.0,5.0,4.0,4.0,4.0,4.0,4.0,4.0,4.0,4.0
3.0,3.0,4.0,3.0,4.0,4.0,3.0,3.0,3.0,3.0,3.0
3.0,3.0,3.0,3.0,3.0,3.0,4.0,4.0,3.0,3.0,4.0
5.0,5.0,5.0,5.0,5.0,5.0,5.0,5.0,5.0,5.0,
5.0,5.0,4.0,5.0,4.0,4.0,4.0,4.0,4.0,4.0,4.0
5.0,5.0,4.0,5.0,4.0,4.0,4.0,4.0,4.0,4.0,4.0
4.0,4.0,4.0,4.0,4.0,1.0,,4.0,,,
4.0,4.0,4.0,4.0,4.0,4.0,4.0,4.0,4.0,4.0,4.0
4.0,4.0,4.0,4.0,4.0,4.0,4.0,4.0,4.0,4.0,4.0
5.0,5.0,,4.0,,,,,,,
4.0,4.0,4.0,4.0,4.0,3.0,4.0,4.0,3.0,3.0,4.0
,5.0,5.0,5.0,5.0,5.0,5.0,5.0,5.0,5.0,4.0
3.0,3.0,3.0,3.0,3.0,3.0,2.0,2.0,3.0,3.0,1.0
5.0,5.0,,5.0,,,,,4.0,4.0,4.0
4.0,3.0,4.0,4.0,4.0,4.0,4.0,4.0,3.0,3.0,3.0
5.0,5.0,5.0,5.0,5.0,5.0,4.0,4.0,5.0,5.0,5.0
3.0,2.0,3.0,3.0,3.0,3.0,,3.0,2.0,2.0,2.0
3.0,3.0,3.0,3.0,3.0,3.0,4.0,4.0,3.0,3.0,3.0
5.0,5.0,5.0,5.0,5.0,5.0,5.0,5.0,5.0,5.0,5.0
2.0,2.0,2.0,2.0,2.0,2.0,3.0,2.0,2.0,2.0,2.0
3.0,3.0,3.0,3.0,3.0,3.0,3.0,3.0,3.0,3.0,3.0
4.0,3.0,3.0,4.0,4.0,4.0,3.0,3.0,4.0,4.0,4.0
3.0,3.0,2.0,2.0,2.0,3.0,,3.0,,3.0,2.0
4.0,4.0,4.0,4.0,4.0,4.0,4.0,4.0,4.0,4.0,4.0
3.0,3.0,4.0,3.0,4.0,3.0,4.0,4.0,3.0,3.0,3.0
3.0,3.0,3.0,3.0,3.0,3.0,3.0,3.0,3.0,3.0,3.0
4.0,4.0,4.0,4.0,4.0,,,,4.0,4.0,4.0
3.0,3.0,3.0,3.0,3.0,3.0,3.0,3.0,3.0,3.0,3.0
2.0,2.0,2.0,2.0,2.0,2.0,3.0,3.0,2.0,2.0,2.0
,1.0,,1.0,1.0,1.0,,,1.0,1.0,1.0
3.0,3.0,3.0,3.0,3.0,3.0,3.0,3.0,2.0,3.0,2.0
5.0,5.0,5.0,4.0,5.0,4.0,4.0,4.0,4.0,4.0,4.0
5.0,4.0,4.0,4.0,4.0,4.0,4.0,4.0,4.0,4.0,4.0
1.0,2.0,3.0,2.0,3.0,3.0,3.0,3.0,1.0,2.0,2.0
5.0,5.0,4.0,5.0,4.0,4.0,4.0,4.0,4.0,4.0,4.0
4.0,4.0,4.0,4.0,4.0,4.0,4.0,4.0,4.0,4.0,4.0
5.0,5.0,5.0,5.0,5.0,5.0,5.0,5.0,5.0,5.0,4.0
1.0,1.0,2.0,1.0,2.0,1.0,,,1.0,,1.0
5.0,4.0,4.0,4.0,4.0,3.0,4.0,4.0,4.0,4.0,4.0
3.0,3.0,3.0,3.0,3.0,3.0,3.0,3.0,3.0,3.0,3.0
4.0,4.0,4.0,4.0,4.0,4.0,,4.0,4.0,4.0,3.0
5.0,5.0,4.0,4.0,4.0,4.0,4.0,4.0,4.0,4.0,4.0
1.0,3.0,1.0,3.0,1.0,1.0,1.0,1.0,1.0,1.0,1.0
,4.0,4.0,4.0,4.0,3.0,,4.0,4.0,4.0,4.0
,3.0,,3.0,3.0,3.0,3.0,3.0,3.0,3.0,2.0
,4.0,4.0,4.0,4.0,4.0,3.0,4.0,4.0,3.0,3.0
5.0,5.0,5.0,5.0,4.0,4.0,4.0,4.0,4.0,4.0,4.0
1.0,1.0,1.0,1.0,1.0,2.0,,3.0,1.0,1.0,1.0
4.0,4.0,4.0,4.0,4.0,4.0,4.0,4.0,3.0,4.0,4.0
3.0,3.0,3.0,3.0,3.0,3.0,3.0,3.0,2.0,2.0,3.0
1.0,3.0,2.0,2.0,3.0,2.0,,3.0,2.0,2.0,2.0
4.0,4.0,4.0,4.0,4.0,3.0,3.0,3.0,4.0,3.0,4.0
5.0,5.0,4.0,4.0,5.0,4.0,4.0,4.0,4.0,4.0,4.0
1.0,1.0,1.0,1.0,1.0,1.0,2.0,2.0,1.0,1.0,1.0
5.0,5.0,5.0,5.0,5.0,5.0,5.0,5.0,5.0,5.0,5.0
3.0,3.0,3.0,3.0,3.0,3.0,3.0,3.0,3.0,3.0,3.0
3.0,3.0,3.0,3.0,3.0,3.0,4.0,4.0,3.0,3.0,4.0
3.0,3.0,3.0,3.0,3.0,3.0,3.0,3.0,3.0,3.0,3.0
5.0,5.0,5.0,5.0,5.0,5.0,5.0,5.0,5.0,5.0,5.0
1.0,,,3.0,3.0,,,,,,
5.0,5.0,5.0,5.0,5.0,5.0,5.0,5.0,5.0,5.0,5.0
3.0,3.0,3.0,3.0,3.0,3.0,4.0,4.0,3.0,3.0,3.0
5.0,4.0,4.0,4.0,4.0,4.0,5.0,4.0,4.0,4.0,4.0
4.0,4.0,4.0,4.0,4.0,4.0,5.0,4.0,4.0,4.0,4.0
3.0,3.0,4.0,4.0,4.0,4.0,4.0,4.0,3.0,3.0,4.0
5.0,5.0,5.0,5.0,5.0,5.0,5.0,5.0,5.0,5.0,5.0
3.0,3.0,3.0,3.0,3.0,3.0,3.0,3.0,3.0,3.0,3.0
3.0,3.0,3.0,3.0,3.0,3.0,,,3.0,3.0,3.0
3.0,3.0,3.0,3.0,3.0,3.0,3.0,3.0,3.0,3.0,3.0
