a person,a male,a female,a White person,a Black person,an Asian person
2.0,2.0,2.0,2.0,1.0,2.0
4.0,4.0,4.0,4.0,4.0,4.0
4.0,4.0,4.0,4.0,4.0,4.0
5.0,4.0,5.0,5.0,5.0,5.0
3.0,3.0,3.0,3.0,3.0,3.0
5.0,5.0,5.0,5.0,5.0,5.0
4.0,4.0,4.0,4.0,4.0,4.0
4.0,4.0,3.0,3.0,4.0,4.0
4.0,4.0,4.0,4.0,3.0,3.0
2.0,2.0,2.0,2.0,2.0,2.0
4.0,3.0,3.0,3.0,2.0,3.0
4.0,4.0,4.0,4.0,5.0,4.0
4.0,4.0,4.0,4.0,3.0,4.0
3.0,3.0,3.0,3.0,3.0,3.0
4.0,4.0,3.0,4.0,3.0,4.0
3.0,3.0,3.0,2.0,3.0,3.0
4.0,4.0,4.0,4.0,4.0,4.0
4.0,4.0,4.0,4.0,4.0,5.0
4.0,3.0,4.0,3.0,3.0,4.0
1.0,1.0,1.0,1.0,1.0,1.0
4.0,4.0,4.0,4.0,4.0,4.0
2.0,2.0,3.0,2.0,2.0,2.0
2.0,2.0,2.0,2.0,2.0,2.0
2.0,2.0,2.0,3.0,3.0,3.0
3.0,3.0,2.0,3.0,3.0,3.0
4.0,4.0,4.0,4.0,4.0,3.0
1.0,1.0,1.0,1.0,1.0,1.0
2.0,2.0,2.0,2.0,2.0,2.0
4.0,4.0,4.0,4.0,3.0,3.0
5.0,5.0,5.0,5.0,5.0,5.0
4.0,4.0,4.0,4.0,4.0,4.0
1.0,1.0,1.0,1.0,1.0,1.0
3.0,3.0,3.0,3.0,2.0,3.0
4.0,5.0,4.0,5.0,5.0,4.0
4.0,4.0,4.0,4.0,4.0,4.0
4.0,4.0,4.0,4.0,4.0,4.0
4.0,4.0,4.0,4.0,4.0,4.0
2.0,3.0,3.0,3.0,2.0,3.0
3.0,3.0,3.0,2.0,2.0,3.0
4.0,5.0,5.0,5.0,5.0,5.0
4.0,4.0,4.0,5.0,4.0,4.0
2.0,2.0,2.0,2.0,2.0,3.0
3.0,3.0,3.0,3.0,3.0,3.0
1.0,1.0,1.0,1.0,1.0,1.0
4.0,4.0,4.0,4.0,4.0,4.0
5.0,5.0,5.0,5.0,4.0,4.0
4.0,3.0,3.0,3.0,3.0,3.0
2.0,2.0,2.0,2.0,2.0,2.0
2.0,2.0,2.0,2.0,2.0,2.0
1.0,1.0,1.0,1.0,1.0,1.0
2.0,2.0,2.0,2.0,2.0,2.0
3.0,3.0,3.0,3.0,3.0,3.0
5.0,5.0,5.0,4.0,5.0,5.0
1.0,1.0,1.0,1.0,1.0,1.0
1.0,1.0,1.0,1.0,1.0,1.0
1.0,1.0,1.0,1.0,1.0,1.0
4.0,4.0,4.0,4.0,4.0,4.0
4.0,4.0,4.0,4.0,4.0,4.0
2.0,2.0,2.0,1.0,1.0,2.0
1.0,1.0,1.0,1.0,1.0,1.0
3.0,3.0,3.0,3.0,4.0,3.0
5.0,5.0,5.0,5.0,5.0,5.0
2.0,2.0,2.0,2.0,1.0,2.0
4.0,4.0,4.0,4.0,3.0,4.0
5.0,4.0,4.0,5.0,5.0,5.0
2.0,2.0,2.0,2.0,2.0,2.0
4.0,4.0,3.0,4.0,3.0,3.0
4.0,4.0,4.0,4.0,4.0,4.0
5.0,4.0,5.0,5.0,5.0,5.0
3.0,3.0,3.0,2.0,1.0,2.0
3.0,3.0,3.0,3.0,3.0,3.0
4.0,4.0,4.0,4.0,4.0,4.0
4.0,4.0,4.0,4.0,4.0,4.0
4.0,4.0,4.0,4.0,4.0,4.0
3.0,3.0,3.0,3.0,2.0,3.0
4.0,4.0,4.0,4.0,4.0,4.0
4.0,4.0,4.0,4.0,4.0,4.0
4.0,4.0,4.0,4.0,4.0,4.0
4.0,4.0,4.0,4.0,4.0,4.0
4.0,4.0,4.0,4.0,4.0,4.0
4.0,4.0,4.0,4.0,4.0,4.0
4.0,4.0,4.0,4.0,4.0,4.0
4.0,4.0,4.0,4.0,4.0,4.0
4.0,4.0,4.0,4.0,4.0,4.0
4.0,4.0,4.0,4.0,4.0,4.0
5.0,4.0,4.0,4.0,4.0,4.0
3.0,3.0,3.0,3.0,3.0,3.0
3.0,3.0,3.0,3.0,1.0,3.0
2.0,2.0,2.0,2.0,2.0,2.0
2.0,2.0,2.0,1.0,1.0,1.0
3.0,4.0,4.0,4.0,4.0,4.0
5.0,4.0,5.0,4.0,4.0,4.0
2.0,2.0,2.0,2.0,2.0,2.0
4.0,4.0,4.0,4.0,4.0,4.0
3.0,3.0,3.0,3.0,3.0,3.0
4.0,4.0,4.0,4.0,5.0,4.0
3.0,3.0,3.0,3.0,3.0,3.0
3.0,3.0,3.0,2.0,1.0,3.0
4.0,4.0,4.0,4.0,3.0,4.0
3.0,2.0,2.0,2.0,1.0,2.0
2.0,2.0,2.0,2.0,1.0,1.0
1.0,1.0,1.0,1.0,1.0,1.0
1.0,1.0,1.0,1.0,1.0,1.0
3.0,3.0,3.0,3.0,3.0,3.0
4.0,4.0,4.0,4.0,4.0,4.0
3.0,3.0,3.0,3.0,3.0,1.0
3.0,3.0,3.0,3.0,2.0,3.0
4.0,4.0,4.0,4.0,4.0,4.0
4.0,4.0,3.0,4.0,4.0,3.0
2.0,2.0,2.0,2.0,1.0,2.0
2.0,2.0,2.0,2.0,3.0,2.0
3.0,3.0,3.0,3.0,2.0,3.0
3.0,3.0,3.0,3.0,3.0,3.0
3.0,3.0,3.0,3.0,3.0,3.0
4.0,4.0,4.0,4.0,4.0,4.0
4.0,4.0,4.0,4.0,4.0,4.0
1.0,2.0,2.0,2.0,1.0,2.0
3.0,2.0,3.0,2.0,2.0,3.0
4.0,4.0,5.0,4.0,4.0,5.0
3.0,3.0,2.0,3.0,3.0,3.0
3.0,3.0,3.0,3.0,3.0,3.0
4.0,4.0,4.0,4.0,4.0,4.0
4.0,4.0,4.0,4.0,4.0,4.0
4.0,4.0,4.0,4.0,4.0,4.0
4.0,4.0,4.0,4.0,5.0,4.0
3.0,3.0,2.0,2.0,2.0,2.0
3.0,3.0,3.0,3.0,2.0,3.0
3.0,3.0,3.0,3.0,2.0,3.0
3.0,2.0,2.0,3.0,2.0,2.0
3.0,4.0,3.0,4.0,4.0,3.0
2.0,3.0,2.0,3.0,3.0,3.0
3.0,3.0,3.0,3.0,3.0,3.0
4.0,3.0,3.0,3.0,2.0,3.0
4.0,4.0,4.0,4.0,4.0,4.0
4.0,4.0,4.0,4.0,4.0,4.0
3.0,2.0,2.0,2.0,2.0,2.0
5.0,5.0,4.0,5.0,5.0,5.0
2.0,1.0,1.0,2.0,1.0,2.0
4.0,4.0,4.0,4.0,4.0,4.0
3.0,3.0,4.0,4.0,3.0,3.0
3.0,3.0,3.0,3.0,1.0,3.0
3.0,3.0,3.0,3.0,3.0,3.0
2.0,3.0,3.0,3.0,3.0,3.0
2.0,2.0,2.0,2.0,1.0,2.0
3.0,4.0,3.0,3.0,4.0,3.0
5.0,5.0,5.0,5.0,5.0,5.0
4.0,4.0,4.0,4.0,4.0,4.0
4.0,4.0,4.0,4.0,5.0,4.0
4.0,4.0,4.0,4.0,3.0,4.0
2.0,2.0,2.0,2.0,2.0,2.0
2.0,3.0,2.0,2.0,2.0,2.0
3.0,2.0,2.0,2.0,2.0,2.0
4.0,4.0,4.0,3.0,4.0,3.0
3.0,3.0,4.0,3.0,3.0,3.0
4.0,4.0,4.0,4.0,4.0,4.0
2.0,2.0,2.0,2.0,2.0,2.0
4.0,4.0,4.0,4.0,4.0,4.0
5.0,5.0,5.0,5.0,5.0,4.0
4.0,4.0,4.0,4.0,4.0,4.0
4.0,4.0,4.0,4.0,3.0,4.0
4.0,4.0,4.0,4.0,4.0,4.0
3.0,3.0,3.0,3.0,3.0,3.0
3.0,3.0,4.0,3.0,3.0,3.0
5.0,4.0,4.0,5.0,4.0,5.0
4.0,4.0,4.0,4.0,3.0,4.0
4.0,4.0,4.0,4.0,4.0,4.0
2.0,2.0,2.0,2.0,2.0,2.0
2.0,2.0,1.0,2.0,1.0,1.0
2.0,2.0,2.0,2.0,1.0,2.0
4.0,4.0,4.0,4.0,4.0,4.0
3.0,3.0,3.0,3.0,3.0,3.0
3.0,3.0,3.0,3.0,3.0,3.0
4.0,4.0,4.0,4.0,4.0,4.0
2.0,2.0,2.0,2.0,3.0,2.0
3.0,3.0,3.0,3.0,3.0,3.0
2.0,2.0,2.0,2.0,2.0,2.0
4.0,4.0,4.0,4.0,3.0,4.0
1.0,1.0,1.0,1.0,1.0,1.0
1.0,1.0,1.0,1.0,1.0,1.0
2.0,2.0,2.0,2.0,2.0,2.0
2.0,2.0,2.0,2.0,2.0,2.0
2.0,2.0,2.0,1.0,1.0,1.0
2.0,2.0,2.0,1.0,1.0,1.0
4.0,4.0,4.0,4.0,3.0,3.0
3.0,3.0,3.0,3.0,3.0,3.0
4.0,4.0,4.0,4.0,4.0,4.0
3.0,4.0,4.0,4.0,4.0,4.0
4.0,4.0,4.0,4.0,4.0,4.0
1.0,1.0,1.0,1.0,1.0,1.0
3.0,3.0,3.0,3.0,3.0,3.0
1.0,1.0,1.0,1.0,1.0,1.0
1.0,1.0,1.0,1.0,1.0,1.0
4.0,4.0,4.0,4.0,4.0,4.0
5.0,5.0,5.0,4.0,5.0,4.0
5.0,5.0,5.0,5.0,5.0,5.0
4.0,3.0,3.0,3.0,4.0,4.0
3.0,4.0,4.0,3.0,4.0,4.0
2.0,3.0,3.0,2.0,3.0,3.0
5.0,5.0,5.0,5.0,5.0,5.0
1.0,1.0,1.0,1.0,1.0,1.0
4.0,4.0,4.0,4.0,4.0,4.0
4.0,4.0,4.0,4.0,4.0,4.0
5.0,5.0,5.0,5.0,5.0,5.0
2.0,2.0,2.0,2.0,3.0,2.0
2.0,2.0,2.0,2.0,1.0,2.0
4.0,4.0,4.0,4.0,5.0,4.0
3.0,3.0,3.0,3.0,2.0,3.0
4.0,3.0,5.0,3.0,3.0,5.0
3.0,3.0,3.0,3.0,3.0,3.0
2.0,1.0,2.0,1.0,1.0,1.0
5.0,5.0,5.0,5.0,5.0,5.0
2.0,2.0,2.0,2.0,2.0,2.0
1.0,1.0,1.0,1.0,1.0,1.0
3.0,3.0,3.0,3.0,3.0,2.0
3.0,2.0,2.0,2.0,2.0,3.0
4.0,3.0,3.0,3.0,1.0,3.0
1.0,1.0,1.0,1.0,1.0,1.0
2.0,2.0,2.0,2.0,2.0,2.0
4.0,4.0,4.0,4.0,4.0,4.0
1.0,1.0,1.0,1.0,1.0,1.0
4.0,4.0,4.0,4.0,4.0,4.0
3.0,3.0,3.0,3.0,3.0,3.0
4.0,4.0,4.0,4.0,4.0,4.0
4.0,4.0,5.0,5.0,5.0,4.0
3.0,3.0,3.0,3.0,2.0,3.0
4.0,4.0,4.0,4.0,4.0,4.0
2.0,2.0,2.0,2.0,1.0,2.0
1.0,1.0,1.0,1.0,1.0,1.0
1.0,1.0,1.0,1.0,1.0,1.0
4.0,4.0,4.0,4.0,4.0,4.0
3.0,4.0,3.0,4.0,3.0,4.0
3.0,4.0,3.0,3.0,3.0,3.0
4.0,4.0,4.0,4.0,4.0,4.0
3.0,3.0,3.0,3.0,2.0,3.0
1.0,1.0,1.0,1.0,1.0,1.0
4.0,4.0,4.0,4.0,4.0,4.0
1.0,1.0,1.0,1.0,1.0,1.0
4.0,4.0,4.0,4.0,4.0,4.0
2.0,2.0,2.0,2.0,1.0,1.0
2.0,2.0,2.0,1.0,1.0,1.0
1.0,2.0,2.0,1.0,1.0,2.0
3.0,3.0,3.0,3.0,3.0,3.0
1.0,2.0,2.0,3.0,3.0,2.0
2.0,2.0,2.0,2.0,2.0,2.0
3.0,2.0,2.0,2.0,3.0,2.0
3.0,3.0,3.0,3.0,3.0,3.0
3.0,3.0,3.0,3.0,3.0,3.0
4.0,4.0,5.0,5.0,5.0,4.0
4.0,4.0,4.0,4.0,4.0,4.0
2.0,2.0,2.0,2.0,1.0,2.0
1.0,1.0,1.0,1.0,1.0,1.0
5.0,5.0,4.0,5.0,5.0,5.0
3.0,3.0,4.0,3.0,3.0,4.0
4.0,4.0,4.0,4.0,4.0,4.0
5.0,4.0,4.0,5.0,4.0,4.0
3.0,3.0,3.0,3.0,3.0,3.0
1.0,1.0,1.0,1.0,1.0,1.0
3.0,4.0,4.0,4.0,5.0,4.0
3.0,3.0,3.0,3.0,4.0,4.0
5.0,5.0,4.0,5.0,4.0,5.0
3.0,3.0,3.0,3.0,3.0,3.0
4.0,4.0,4.0,4.0,4.0,4.0
4.0,4.0,4.0,4.0,4.0,4.0
4.0,4.0,4.0,5.0,5.0,5.0
3.0,3.0,3.0,3.0,3.0,3.0
4.0,4.0,4.0,4.0,4.0,4.0
1.0,1.0,1.0,1.0,1.0,1.0
2.0,2.0,2.0,2.0,1.0,2.0
2.0,2.0,2.0,2.0,2.0,2.0
4.0,3.0,3.0,3.0,3.0,3.0
2.0,2.0,2.0,1.0,1.0,1.0
5.0,5.0,5.0,5.0,4.0,4.0
4.0,4.0,4.0,4.0,4.0,5.0
4.0,4.0,4.0,4.0,4.0,4.0
2.0,2.0,2.0,2.0,2.0,2.0
4.0,4.0,4.0,4.0,4.0,4.0
4.0,4.0,4.0,4.0,4.0,4.0
3.0,3.0,3.0,4.0,3.0,3.0
2.0,2.0,2.0,2.0,2.0,2.0
3.0,3.0,3.0,2.0,1.0,3.0
1.0,2.0,2.0,3.0,3.0,3.0
2.0,2.0,2.0,2.0,2.0,2.0
2.0,2.0,2.0,1.0,1.0,2.0
2.0,1.0,1.0,1.0,1.0,1.0
1.0,1.0,1.0,1.0,1.0,1.0
2.0,2.0,2.0,2.0,2.0,2.0
2.0,3.0,2.0,3.0,1.0,3.0
4.0,4.0,4.0,5.0,5.0,5.0
5.0,5.0,5.0,5.0,4.0,5.0
3.0,2.0,2.0,2.0,3.0,3.0
5.0,5.0,5.0,5.0,5.0,5.0
4.0,4.0,4.0,4.0,4.0,4.0
4.0,4.0,4.0,4.0,4.0,4.0
4.0,3.0,4.0,1.0,1.0,4.0
4.0,4.0,4.0,4.0,4.0,4.0
5.0,5.0,5.0,5.0,4.0,4.0
2.0,2.0,2.0,2.0,1.0,2.0
3.0,3.0,4.0,3.0,3.0,4.0
4.0,3.0,3.0,3.0,3.0,4.0
4.0,4.0,4.0,3.0,3.0,4.0
3.0,3.0,3.0,3.0,3.0,3.0
4.0,4.0,4.0,4.0,4.0,4.0
4.0,4.0,4.0,4.0,3.0,3.0
2.0,2.0,2.0,2.0,2.0,2.0
1.0,1.0,1.0,1.0,1.0,1.0
4.0,5.0,4.0,4.0,5.0,4.0
3.0,3.0,3.0,3.0,3.0,3.0
3.0,3.0,4.0,4.0,4.0,4.0
3.0,3.0,2.0,3.0,3.0,3.0
1.0,1.0,1.0,1.0,1.0,1.0
3.0,3.0,4.0,4.0,4.0,4.0
3.0,3.0,2.0,3.0,2.0,3.0
2.0,2.0,2.0,3.0,2.0,2.0
1.0,1.0,1.0,1.0,1.0,1.0
1.0,2.0,1.0,1.0,1.0,1.0
5.0,4.0,5.0,4.0,5.0,4.0
4.0,4.0,4.0,4.0,3.0,4.0
3.0,3.0,3.0,3.0,2.0,3.0
1.0,1.0,1.0,1.0,1.0,1.0
3.0,3.0,3.0,3.0,4.0,3.0
2.0,3.0,2.0,3.0,3.0,3.0
4.0,4.0,4.0,4.0,3.0,4.0
3.0,3.0,3.0,3.0,3.0,3.0
2.0,3.0,2.0,3.0,4.0,2.0
2.0,2.0,2.0,2.0,2.0,1.0
2.0,2.0,2.0,2.0,2.0,2.0
1.0,1.0,1.0,1.0,1.0,1.0
4.0,4.0,4.0,4.0,4.0,4.0
1.0,1.0,1.0,1.0,1.0,1.0
4.0,4.0,3.0,4.0,4.0,4.0
3.0,3.0,3.0,3.0,3.0,3.0
2.0,2.0,2.0,2.0,1.0,2.0
1.0,1.0,1.0,1.0,1.0,1.0
2.0,2.0,1.0,1.0,1.0,1.0
2.0,2.0,2.0,1.0,1.0,2.0
4.0,4.0,4.0,4.0,4.0,4.0
2.0,2.0,2.0,2.0,1.0,2.0
4.0,4.0,4.0,4.0,4.0,4.0
3.0,3.0,3.0,3.0,3.0,3.0
1.0,1.0,1.0,1.0,1.0,1.0
1.0,1.0,1.0,1.0,1.0,1.0
4.0,4.0,4.0,4.0,3.0,4.0
3.0,3.0,3.0,3.0,3.0,3.0
3.0,3.0,3.0,3.0,2.0,3.0
4.0,4.0,4.0,4.0,4.0,4.0
5.0,4.0,4.0,5.0,5.0,4.0
2.0,2.0,2.0,1.0,1.0,1.0
1.0,1.0,1.0,1.0,1.0,1.0
3.0,3.0,3.0,3.0,2.0,3.0
4.0,4.0,4.0,4.0,4.0,4.0
3.0,3.0,3.0,2.0,2.0,3.0
4.0,4.0,4.0,4.0,4.0,4.0
4.0,3.0,3.0,3.0,3.0,3.0
4.0,4.0,4.0,4.0,4.0,4.0
1.0,3.0,3.0,3.0,3.0,3.0
5.0,5.0,5.0,5.0,5.0,5.0
4.0,4.0,3.0,4.0,4.0,4.0
2.0,2.0,2.0,2.0,3.0,3.0
5.0,5.0,5.0,5.0,5.0,5.0
4.0,4.0,4.0,4.0,4.0,4.0
3.0,3.0,3.0,3.0,3.0,3.0
4.0,4.0,3.0,4.0,4.0,3.0
3.0,3.0,3.0,3.0,3.0,3.0
4.0,4.0,4.0,4.0,4.0,4.0
2.0,2.0,1.0,1.0,1.0,1.0
4.0,4.0,4.0,4.0,4.0,4.0
1.0,1.0,1.0,1.0,1.0,1.0
4.0,4.0,4.0,4.0,3.0,3.0
4.0,4.0,4.0,4.0,5.0,4.0
4.0,4.0,4.0,4.0,4.0,4.0
5.0,4.0,4.0,4.0,4.0,4.0
3.0,3.0,3.0,3.0,3.0,3.0
2.0,2.0,1.0,1.0,1.0,2.0
4.0,4.0,4.0,4.0,4.0,4.0
4.0,4.0,4.0,4.0,3.0,4.0
3.0,3.0,3.0,3.0,2.0,3.0
2.0,2.0,2.0,2.0,2.0,2.0
2.0,2.0,3.0,3.0,3.0,2.0
4.0,4.0,4.0,4.0,2.0,4.0
4.0,5.0,4.0,5.0,4.0,4.0
4.0,3.0,4.0,4.0,3.0,3.0
3.0,3.0,3.0,3.0,3.0,3.0
4.0,4.0,4.0,5.0,5.0,5.0
4.0,4.0,4.0,5.0,5.0,4.0
3.0,3.0,2.0,3.0,3.0,3.0
2.0,1.0,1.0,1.0,1.0,1.0
2.0,2.0,2.0,2.0,4.0,2.0
1.0,1.0,1.0,1.0,1.0,1.0
2.0,2.0,2.0,1.0,1.0,2.0
4.0,4.0,4.0,3.0,2.0,4.0
4.0,4.0,4.0,4.0,4.0,4.0
4.0,4.0,4.0,4.0,4.0,4.0
2.0,2.0,2.0,1.0,2.0,2.0
4.0,4.0,4.0,4.0,4.0,4.0
4.0,4.0,4.0,4.0,5.0,4.0
4.0,4.0,4.0,4.0,4.0,4.0
2.0,2.0,2.0,1.0,1.0,1.0
4.0,4.0,4.0,4.0,4.0,4.0
4.0,4.0,4.0,4.0,4.0,4.0
3.0,2.0,2.0,3.0,3.0,3.0
4.0,4.0,4.0,4.0,4.0,4.0
5.0,4.0,5.0,4.0,5.0,5.0
4.0,4.0,4.0,5.0,4.0,4.0
5.0,5.0,5.0,5.0,5.0,5.0
3.0,3.0,3.0,3.0,3.0,3.0
2.0,2.0,2.0,1.0,1.0,2.0
4.0,4.0,4.0,4.0,5.0,4.0
3.0,3.0,3.0,3.0,4.0,3.0
3.0,3.0,3.0,3.0,3.0,4.0
3.0,3.0,3.0,3.0,4.0,3.0
3.0,3.0,3.0,3.0,3.0,3.0
3.0,3.0,2.0,2.0,1.0,2.0
3.0,3.0,3.0,3.0,3.0,3.0
3.0,4.0,3.0,5.0,5.0,3.0
2.0,2.0,2.0,2.0,2.0,2.0
1.0,2.0,2.0,2.0,1.0,1.0
1.0,1.0,1.0,1.0,1.0,1.0
5.0,5.0,5.0,5.0,5.0,5.0
3.0,3.0,3.0,3.0,2.0,3.0
4.0,4.0,4.0,4.0,4.0,4.0
4.0,4.0,4.0,4.0,4.0,4.0
1.0,1.0,1.0,1.0,1.0,1.0
4.0,4.0,4.0,4.0,4.0,4.0
4.0,4.0,4.0,4.0,5.0,4.0
4.0,4.0,4.0,4.0,5.0,4.0
2.0,2.0,2.0,2.0,2.0,1.0
4.0,4.0,4.0,4.0,4.0,4.0
4.0,4.0,4.0,4.0,5.0,4.0
4.0,4.0,4.0,4.0,4.0,3.0
3.0,3.0,3.0,4.0,3.0,3.0
4.0,4.0,3.0,4.0,3.0,4.0
4.0,4.0,4.0,4.0,4.0,4.0
3.0,3.0,3.0,3.0,3.0,3.0
1.0,1.0,1.0,,1.0,3.0
4.0,4.0,3.0,4.0,3.0,4.0
2.0,2.0,2.0,2.0,1.0,2.0
1.0,1.0,1.0,1.0,1.0,1.0
4.0,4.0,4.0,4.0,4.0,4.0
2.0,2.0,2.0,2.0,1.0,2.0
4.0,4.0,4.0,4.0,4.0,4.0
4.0,4.0,3.0,4.0,5.0,4.0
3.0,3.0,2.0,2.0,2.0,2.0
4.0,4.0,4.0,3.0,4.0,4.0
3.0,2.0,2.0,3.0,3.0,3.0
3.0,3.0,3.0,3.0,3.0,3.0
4.0,5.0,5.0,5.0,5.0,5.0
1.0,1.0,1.0,1.0,1.0,1.0
4.0,5.0,4.0,4.0,5.0,4.0
4.0,4.0,4.0,4.0,4.0,4.0
1.0,1.0,1.0,1.0,1.0,1.0
3.0,2.0,3.0,3.0,2.0,3.0
4.0,4.0,4.0,4.0,4.0,4.0
4.0,4.0,4.0,3.0,3.0,4.0
1.0,1.0,1.0,1.0,1.0,1.0
1.0,1.0,1.0,1.0,1.0,1.0
1.0,1.0,1.0,1.0,1.0,1.0
4.0,4.0,4.0,4.0,4.0,4.0
1.0,1.0,1.0,1.0,1.0,1.0
4.0,4.0,4.0,4.0,3.0,3.0
3.0,3.0,3.0,2.0,1.0,3.0
4.0,4.0,3.0,4.0,3.0,3.0
4.0,4.0,3.0,4.0,3.0,3.0
4.0,4.0,4.0,4.0,5.0,4.0
3.0,3.0,3.0,3.0,3.0,3.0
4.0,4.0,4.0,4.0,4.0,4.0
4.0,4.0,4.0,4.0,4.0,4.0
4.0,4.0,4.0,4.0,4.0,4.0
2.0,2.0,2.0,2.0,2.0,2.0
3.0,3.0,3.0,3.0,3.0,3.0
3.0,3.0,3.0,3.0,3.0,3.0
4.0,4.0,4.0,4.0,4.0,4.0
1.0,1.0,1.0,1.0,1.0,1.0
4.0,4.0,4.0,4.0,4.0,4.0
1.0,1.0,1.0,1.0,1.0,1.0
3.0,3.0,3.0,4.0,4.0,4.0
5.0,5.0,5.0,5.0,5.0,5.0
4.0,3.0,4.0,4.0,4.0,3.0
1.0,1.0,1.0,1.0,1.0,1.0
4.0,4.0,4.0,4.0,4.0,5.0
4.0,3.0,3.0,4.0,2.0,3.0
4.0,4.0,4.0,5.0,5.0,4.0
1.0,1.0,1.0,1.0,1.0,1.0
2.0,2.0,2.0,2.0,2.0,2.0
2.0,2.0,2.0,1.0,1.0,1.0
3.0,3.0,3.0,3.0,3.0,2.0
3.0,3.0,3.0,3.0,3.0,3.0
4.0,4.0,4.0,4.0,4.0,4.0
1.0,1.0,1.0,1.0,1.0,1.0
1.0,2.0,1.0,3.0,1.0,1.0
4.0,4.0,4.0,4.0,4.0,4.0
3.0,3.0,3.0,3.0,3.0,3.0
4.0,4.0,2.0,4.0,3.0,3.0
4.0,4.0,4.0,4.0,5.0,4.0
4.0,4.0,4.0,4.0,5.0,4.0
4.0,4.0,3.0,4.0,4.0,3.0
4.0,4.0,4.0,4.0,5.0,4.0
4.0,5.0,5.0,4.0,4.0,4.0
2.0,2.0,2.0,2.0,2.0,2.0
4.0,4.0,4.0,4.0,4.0,4.0
4.0,4.0,4.0,4.0,4.0,4.0
2.0,2.0,2.0,3.0,3.0,3.0
4.0,4.0,4.0,4.0,4.0,4.0
1.0,1.0,1.0,1.0,1.0,1.0
1.0,1.0,1.0,1.0,1.0,1.0
4.0,4.0,4.0,4.0,4.0,4.0
4.0,4.0,4.0,4.0,3.0,4.0
2.0,2.0,2.0,1.0,1.0,1.0
5.0,5.0,5.0,5.0,5.0,5.0
4.0,4.0,4.0,4.0,4.0,4.0
4.0,4.0,4.0,4.0,4.0,4.0
1.0,1.0,1.0,1.0,1.0,1.0
3.0,3.0,3.0,4.0,3.0,4.0
4.0,4.0,4.0,4.0,4.0,4.0
2.0,3.0,2.0,2.0,2.0,2.0
3.0,3.0,3.0,3.0,3.0,3.0
3.0,2.0,2.0,2.0,2.0,2.0
2.0,2.0,2.0,3.0,3.0,3.0
4.0,4.0,4.0,4.0,4.0,4.0
4.0,4.0,4.0,4.0,5.0,4.0
1.0,1.0,1.0,1.0,1.0,1.0
2.0,2.0,2.0,2.0,1.0,2.0
4.0,4.0,4.0,5.0,5.0,5.0
5.0,5.0,4.0,5.0,5.0,5.0
2.0,2.0,2.0,2.0,2.0,2.0
4.0,4.0,4.0,4.0,4.0,4.0
3.0,3.0,3.0,3.0,3.0,3.0
1.0,1.0,1.0,1.0,1.0,1.0
4.0,4.0,4.0,4.0,4.0,4.0
4.0,4.0,4.0,3.0,3.0,4.0
1.0,2.0,2.0,2.0,1.0,1.0
5.0,5.0,5.0,5.0,4.0,5.0
4.0,3.0,3.0,3.0,3.0,3.0
4.0,4.0,4.0,4.0,4.0,4.0
4.0,4.0,4.0,4.0,3.0,4.0
2.0,2.0,2.0,1.0,1.0,1.0
3.0,3.0,2.0,3.0,1.0,2.0
1.0,1.0,1.0,1.0,1.0,1.0
4.0,4.0,4.0,4.0,3.0,4.0
2.0,2.0,2.0,2.0,2.0,2.0
3.0,3.0,3.0,3.0,2.0,3.0
1.0,1.0,1.0,1.0,1.0,1.0
4.0,4.0,4.0,4.0,4.0,4.0
4.0,4.0,4.0,3.0,3.0,4.0
4.0,4.0,4.0,4.0,4.0,4.0
1.0,2.0,1.0,1.0,1.0,1.0
4.0,4.0,4.0,4.0,4.0,4.0
5.0,5.0,5.0,5.0,5.0,5.0
4.0,4.0,4.0,5.0,5.0,5.0
3.0,3.0,3.0,4.0,3.0,3.0
2.0,2.0,2.0,1.0,1.0,1.0
2.0,2.0,2.0,3.0,3.0,2.0
4.0,4.0,4.0,4.0,4.0,4.0
4.0,4.0,4.0,4.0,4.0,4.0
3.0,3.0,3.0,3.0,1.0,3.0
4.0,4.0,4.0,4.0,4.0,4.0
3.0,3.0,3.0,3.0,4.0,3.0
3.0,3.0,3.0,3.0,3.0,3.0
4.0,4.0,4.0,4.0,5.0,4.0
2.0,2.0,1.0,1.0,1.0,1.0
4.0,3.0,4.0,4.0,3.0,3.0
4.0,4.0,4.0,4.0,4.0,4.0
4.0,4.0,4.0,4.0,4.0,4.0
4.0,4.0,3.0,4.0,3.0,4.0
5.0,5.0,5.0,5.0,5.0,5.0
4.0,4.0,4.0,4.0,4.0,4.0
2.0,2.0,2.0,2.0,2.0,2.0
4.0,4.0,4.0,4.0,3.0,4.0
4.0,4.0,4.0,4.0,4.0,4.0
1.0,1.0,1.0,1.0,1.0,1.0
2.0,1.0,1.0,1.0,1.0,2.0
1.0,1.0,1.0,5.0,1.0,1.0
4.0,4.0,4.0,4.0,4.0,4.0
5.0,5.0,5.0,5.0,5.0,5.0
3.0,3.0,3.0,3.0,2.0,3.0
2.0,1.0,1.0,1.0,1.0,1.0
4.0,4.0,4.0,4.0,4.0,4.0
1.0,2.0,1.0,2.0,1.0,1.0
3.0,3.0,3.0,3.0,3.0,3.0
3.0,3.0,3.0,3.0,4.0,3.0
1.0,1.0,1.0,1.0,1.0,1.0
3.0,3.0,3.0,3.0,3.0,3.0
3.0,3.0,3.0,3.0,3.0,3.0
4.0,4.0,5.0,5.0,4.0,4.0
4.0,4.0,4.0,4.0,5.0,4.0
2.0,2.0,2.0,3.0,3.0,2.0
3.0,3.0,3.0,3.0,3.0,3.0
4.0,4.0,4.0,4.0,4.0,4.0
5.0,5.0,5.0,5.0,5.0,5.0
3.0,3.0,3.0,3.0,3.0,3.0
2.0,2.0,2.0,2.0,3.0,2.0
2.0,2.0,2.0,1.0,1.0,1.0
3.0,3.0,3.0,3.0,4.0,3.0
1.0,2.0,1.0,1.0,1.0,1.0
4.0,4.0,4.0,4.0,4.0,4.0
4.0,4.0,4.0,4.0,4.0,4.0
3.0,4.0,4.0,4.0,3.0,4.0
4.0,4.0,4.0,4.0,5.0,4.0
3.0,3.0,3.0,3.0,4.0,3.0
2.0,3.0,2.0,2.0,1.0,2.0
1.0,1.0,1.0,1.0,1.0,1.0
4.0,4.0,4.0,4.0,5.0,4.0
5.0,4.0,5.0,4.0,4.0,5.0
3.0,3.0,3.0,3.0,3.0,3.0
4.0,4.0,4.0,5.0,5.0,4.0
4.0,4.0,4.0,4.0,3.0,4.0
3.0,2.0,3.0,2.0,2.0,3.0
4.0,4.0,3.0,4.0,3.0,4.0
4.0,4.0,4.0,4.0,5.0,4.0
4.0,4.0,4.0,4.0,3.0,4.0
1.0,1.0,1.0,1.0,1.0,1.0
2.0,2.0,2.0,2.0,2.0,2.0
5.0,5.0,5.0,5.0,5.0,5.0
4.0,4.0,4.0,5.0,5.0,4.0
2.0,2.0,2.0,2.0,1.0,2.0
4.0,4.0,4.0,4.0,4.0,4.0
3.0,3.0,2.0,3.0,2.0,2.0
1.0,1.0,1.0,1.0,1.0,1.0
4.0,5.0,5.0,5.0,5.0,4.0
4.0,4.0,4.0,4.0,4.0,4.0
2.0,2.0,2.0,2.0,2.0,2.0
1.0,1.0,1.0,1.0,1.0,1.0
4.0,4.0,4.0,4.0,4.0,4.0
4.0,4.0,4.0,4.0,3.0,4.0
4.0,4.0,4.0,5.0,4.0,4.0
3.0,3.0,3.0,3.0,3.0,4.0
3.0,3.0,3.0,3.0,3.0,3.0
2.0,2.0,2.0,2.0,2.0,2.0
2.0,2.0,2.0,2.0,2.0,2.0
4.0,4.0,4.0,4.0,4.0,4.0
3.0,3.0,4.0,3.0,5.0,4.0
4.0,4.0,4.0,4.0,4.0,4.0
4.0,4.0,3.0,4.0,3.0,3.0
4.0,4.0,4.0,4.0,4.0,4.0
4.0,4.0,4.0,4.0,4.0,4.0
1.0,2.0,1.0,1.0,1.0,1.0
3.0,3.0,4.0,4.0,4.0,4.0
3.0,3.0,3.0,3.0,3.0,3.0
4.0,4.0,4.0,4.0,4.0,4.0
4.0,4.0,4.0,3.0,1.0,3.0
1.0,1.0,1.0,1.0,1.0,1.0
4.0,4.0,4.0,4.0,4.0,4.0
3.0,3.0,3.0,3.0,3.0,3.0
4.0,4.0,4.0,4.0,4.0,4.0
1.0,1.0,1.0,1.0,1.0,1.0
2.0,2.0,2.0,2.0,1.0,2.0
3.0,4.0,3.0,3.0,3.0,3.0
2.0,2.0,2.0,2.0,2.0,2.0
4.0,4.0,3.0,3.0,2.0,3.0
2.0,2.0,2.0,2.0,2.0,2.0
1.0,1.0,1.0,1.0,1.0,1.0
4.0,4.0,4.0,4.0,4.0,4.0
1.0,1.0,1.0,1.0,1.0,1.0
5.0,4.0,4.0,5.0,5.0,5.0
4.0,4.0,4.0,4.0,4.0,4.0
3.0,3.0,3.0,3.0,4.0,3.0
3.0,3.0,3.0,3.0,2.0,2.0
4.0,4.0,4.0,4.0,4.0,4.0
3.0,3.0,3.0,4.0,4.0,3.0
3.0,3.0,2.0,3.0,2.0,3.0
4.0,4.0,4.0,4.0,4.0,4.0
2.0,2.0,2.0,2.0,2.0,2.0
3.0,3.0,3.0,3.0,2.0,2.0
3.0,4.0,4.0,4.0,4.0,3.0
4.0,4.0,4.0,4.0,2.0,4.0
2.0,2.0,2.0,2.0,2.0,2.0
4.0,4.0,4.0,4.0,4.0,4.0
4.0,4.0,4.0,4.0,4.0,4.0
4.0,4.0,4.0,4.0,4.0,4.0
3.0,3.0,3.0,3.0,3.0,3.0
2.0,2.0,2.0,1.0,1.0,2.0
4.0,4.0,4.0,4.0,4.0,4.0
4.0,4.0,4.0,4.0,4.0,4.0
5.0,5.0,5.0,5.0,5.0,5.0
4.0,4.0,5.0,5.0,5.0,5.0
4.0,3.0,4.0,4.0,4.0,4.0
4.0,4.0,4.0,4.0,4.0,4.0
5.0,5.0,5.0,5.0,5.0,5.0
3.0,3.0,3.0,3.0,3.0,3.0
4.0,4.0,4.0,4.0,4.0,4.0
4.0,4.0,4.0,4.0,4.0,4.0
5.0,5.0,5.0,4.0,5.0,5.0
4.0,4.0,3.0,4.0,4.0,4.0
4.0,4.0,4.0,4.0,4.0,4.0
1.0,1.0,1.0,1.0,1.0,1.0
3.0,3.0,3.0,4.0,3.0,3.0
1.0,1.0,1.0,1.0,1.0,1.0
4.0,4.0,4.0,4.0,4.0,4.0
3.0,3.0,3.0,3.0,3.0,2.0
3.0,3.0,3.0,3.0,3.0,3.0
4.0,4.0,4.0,4.0,3.0,3.0
4.0,4.0,4.0,4.0,4.0,3.0
3.0,3.0,3.0,3.0,3.0,3.0
3.0,3.0,3.0,3.0,3.0,3.0
5.0,5.0,5.0,5.0,5.0,5.0
4.0,4.0,3.0,3.0,3.0,4.0
3.0,4.0,4.0,4.0,4.0,3.0
2.0,3.0,3.0,2.0,3.0,3.0
3.0,3.0,3.0,3.0,3.0,3.0
2.0,1.0,1.0,1.0,1.0,1.0
4.0,4.0,4.0,4.0,3.0,4.0
3.0,2.0,2.0,3.0,2.0,3.0
2.0,2.0,2.0,1.0,1.0,1.0
1.0,1.0,1.0,1.0,1.0,1.0
4.0,4.0,4.0,4.0,4.0,4.0
4.0,4.0,4.0,4.0,3.0,4.0
4.0,4.0,4.0,4.0,4.0,4.0
2.0,2.0,1.0,2.0,1.0,2.0
4.0,4.0,4.0,4.0,4.0,4.0
3.0,3.0,3.0,3.0,3.0,3.0
3.0,3.0,3.0,3.0,3.0,3.0
4.0,4.0,4.0,4.0,4.0,4.0
4.0,4.0,4.0,4.0,4.0,4.0
4.0,4.0,4.0,4.0,4.0,4.0
4.0,4.0,4.0,4.0,3.0,4.0
4.0,4.0,4.0,4.0,4.0,4.0
4.0,4.0,4.0,4.0,4.0,4.0
4.0,4.0,3.0,3.0,3.0,3.0
3.0,3.0,3.0,3.0,4.0,3.0
4.0,4.0,4.0,4.0,4.0,4.0
3.0,3.0,3.0,3.0,4.0,3.0
3.0,3.0,3.0,3.0,3.0,3.0
2.0,2.0,2.0,2.0,2.0,2.0
4.0,4.0,4.0,4.0,4.0,4.0
4.0,4.0,4.0,4.0,4.0,4.0
4.0,4.0,4.0,5.0,4.0,4.0
1.0,1.0,2.0,1.0,1.0,1.0
5.0,4.0,4.0,5.0,4.0,5.0
4.0,4.0,4.0,4.0,4.0,4.0
4.0,4.0,4.0,4.0,3.0,3.0
4.0,4.0,4.0,4.0,4.0,4.0
4.0,4.0,4.0,3.0,2.0,4.0
1.0,1.0,1.0,1.0,1.0,1.0
2.0,2.0,2.0,2.0,3.0,1.0
2.0,1.0,2.0,1.0,1.0,1.0
1.0,1.0,1.0,1.0,1.0,1.0
3.0,3.0,3.0,3.0,3.0,3.0
3.0,3.0,3.0,3.0,3.0,3.0
4.0,4.0,4.0,4.0,4.0,4.0
4.0,4.0,4.0,4.0,4.0,4.0
3.0,3.0,3.0,4.0,3.0,3.0
3.0,2.0,3.0,3.0,2.0,2.0
3.0,3.0,3.0,4.0,4.0,4.0
2.0,2.0,2.0,2.0,2.0,2.0
4.0,4.0,4.0,4.0,4.0,4.0
1.0,1.0,1.0,1.0,1.0,1.0
4.0,4.0,4.0,4.0,4.0,4.0
2.0,3.0,3.0,3.0,3.0,3.0
1.0,1.0,1.0,1.0,1.0,1.0
5.0,5.0,5.0,5.0,5.0,5.0
3.0,3.0,3.0,3.0,3.0,3.0
3.0,3.0,3.0,3.0,2.0,3.0
4.0,4.0,4.0,4.0,4.0,4.0
4.0,3.0,3.0,4.0,4.0,4.0
3.0,3.0,3.0,3.0,3.0,3.0
3.0,3.0,3.0,3.0,3.0,3.0
4.0,4.0,4.0,4.0,4.0,3.0
2.0,2.0,2.0,2.0,2.0,2.0
3.0,3.0,3.0,3.0,4.0,3.0
4.0,4.0,4.0,4.0,4.0,4.0
3.0,3.0,3.0,3.0,3.0,3.0
4.0,2.0,4.0,3.0,2.0,3.0
4.0,4.0,4.0,4.0,4.0,4.0
1.0,1.0,1.0,1.0,1.0,1.0
2.0,2.0,2.0,2.0,1.0,2.0
3.0,3.0,3.0,3.0,2.0,3.0
4.0,4.0,4.0,4.0,5.0,5.0
1.0,1.0,1.0,1.0,1.0,1.0
4.0,4.0,5.0,4.0,5.0,4.0
4.0,4.0,4.0,3.0,3.0,4.0
3.0,3.0,3.0,3.0,3.0,4.0
4.0,4.0,4.0,4.0,4.0,4.0
2.0,2.0,1.0,1.0,1.0,2.0
5.0,5.0,5.0,5.0,5.0,5.0
4.0,4.0,4.0,4.0,5.0,4.0
4.0,4.0,4.0,4.0,4.0,4.0
4.0,4.0,4.0,4.0,4.0,4.0
2.0,2.0,2.0,2.0,2.0,2.0
2.0,2.0,2.0,2.0,2.0,2.0
4.0,4.0,4.0,4.0,4.0,4.0
2.0,2.0,2.0,1.0,1.0,1.0
3.0,3.0,3.0,3.0,3.0,2.0
2.0,2.0,2.0,2.0,2.0,2.0
4.0,4.0,4.0,4.0,4.0,4.0
2.0,2.0,2.0,2.0,1.0,2.0
3.0,3.0,3.0,3.0,1.0,3.0
2.0,2.0,2.0,1.0,1.0,1.0
4.0,5.0,4.0,5.0,4.0,4.0
4.0,4.0,4.0,4.0,5.0,4.0
3.0,3.0,4.0,3.0,3.0,3.0
4.0,4.0,4.0,4.0,4.0,4.0
1.0,2.0,1.0,2.0,1.0,1.0
4.0,3.0,3.0,3.0,2.0,3.0
4.0,4.0,4.0,4.0,4.0,4.0
3.0,3.0,3.0,3.0,3.0,3.0
4.0,4.0,4.0,4.0,4.0,4.0
1.0,2.0,2.0,1.0,1.0,1.0
3.0,3.0,3.0,3.0,2.0,3.0
4.0,4.0,4.0,4.0,4.0,4.0
4.0,3.0,4.0,4.0,4.0,4.0
4.0,4.0,4.0,4.0,5.0,4.0
3.0,3.0,3.0,3.0,3.0,3.0
3.0,3.0,4.0,3.0,3.0,3.0
4.0,4.0,4.0,4.0,4.0,4.0
5.0,5.0,5.0,5.0,5.0,5.0
3.0,3.0,3.0,3.0,4.0,3.0
2.0,2.0,2.0,2.0,1.0,1.0
2.0,2.0,2.0,2.0,1.0,1.0
4.0,4.0,4.0,4.0,4.0,4.0
4.0,4.0,4.0,4.0,4.0,4.0
1.0,1.0,1.0,1.0,1.0,1.0
3.0,3.0,3.0,4.0,3.0,3.0
3.0,3.0,3.0,3.0,1.0,1.0
2.0,2.0,2.0,2.0,2.0,2.0
1.0,1.0,1.0,1.0,1.0,1.0
4.0,4.0,4.0,4.0,4.0,4.0
5.0,5.0,5.0,5.0,4.0,5.0
2.0,2.0,2.0,2.0,1.0,2.0
3.0,3.0,2.0,2.0,2.0,2.0
3.0,3.0,3.0,3.0,2.0,3.0
2.0,2.0,2.0,2.0,3.0,2.0
1.0,1.0,1.0,1.0,1.0,1.0
3.0,3.0,3.0,3.0,3.0,3.0
2.0,2.0,2.0,2.0,2.0,2.0
4.0,4.0,4.0,4.0,4.0,4.0
4.0,4.0,4.0,4.0,4.0,4.0
3.0,3.0,2.0,3.0,2.0,2.0
4.0,4.0,4.0,4.0,5.0,4.0
5.0,4.0,4.0,4.0,4.0,4.0
4.0,4.0,4.0,3.0,4.0,3.0
2.0,2.0,2.0,2.0,1.0,2.0
5.0,5.0,5.0,5.0,5.0,5.0
4.0,4.0,4.0,4.0,1.0,3.0
3.0,3.0,3.0,3.0,3.0,3.0
2.0,2.0,2.0,2.0,1.0,2.0
4.0,4.0,4.0,4.0,4.0,4.0
4.0,4.0,4.0,5.0,5.0,4.0
1.0,1.0,1.0,1.0,1.0,1.0
4.0,4.0,4.0,4.0,4.0,4.0
4.0,4.0,4.0,4.0,4.0,4.0
1.0,1.0,1.0,1.0,1.0,1.0
3.0,3.0,3.0,3.0,3.0,4.0
4.0,4.0,4.0,4.0,4.0,4.0
4.0,4.0,4.0,4.0,5.0,4.0
4.0,4.0,4.0,4.0,4.0,4.0
1.0,1.0,1.0,1.0,1.0,1.0
3.0,3.0,3.0,3.0,3.0,3.0
4.0,4.0,4.0,4.0,4.0,4.0
4.0,4.0,4.0,3.0,4.0,4.0
2.0,2.0,2.0,2.0,1.0,2.0
2.0,2.0,2.0,2.0,1.0,2.0
5.0,5.0,5.0,5.0,5.0,5.0
3.0,3.0,3.0,4.0,3.0,3.0
1.0,1.0,1.0,1.0,1.0,1.0
4.0,4.0,4.0,4.0,4.0,4.0
4.0,3.0,3.0,3.0,3.0,3.0
2.0,2.0,2.0,1.0,1.0,1.0
1.0,1.0,1.0,1.0,1.0,1.0
4.0,4.0,4.0,4.0,4.0,4.0
4.0,4.0,4.0,4.0,4.0,4.0
1.0,1.0,1.0,1.0,1.0,1.0
4.0,4.0,4.0,4.0,4.0,4.0
5.0,5.0,5.0,5.0,5.0,5.0
4.0,4.0,4.0,4.0,4.0,4.0
4.0,4.0,4.0,3.0,3.0,4.0
4.0,4.0,4.0,4.0,4.0,4.0
4.0,3.0,3.0,4.0,3.0,4.0
4.0,4.0,4.0,4.0,4.0,4.0
3.0,3.0,3.0,3.0,2.0,2.0
4.0,4.0,4.0,4.0,4.0,4.0
5.0,4.0,4.0,4.0,5.0,4.0
4.0,4.0,4.0,4.0,3.0,4.0
2.0,2.0,2.0,2.0,2.0,2.0
2.0,3.0,2.0,2.0,2.0,2.0
2.0,2.0,2.0,3.0,3.0,2.0
4.0,4.0,4.0,4.0,3.0,4.0
2.0,2.0,1.0,1.0,1.0,1.0
3.0,3.0,2.0,3.0,1.0,2.0
4.0,4.0,4.0,4.0,4.0,4.0
2.0,2.0,2.0,2.0,1.0,1.0
2.0,2.0,2.0,2.0,2.0,2.0
2.0,2.0,3.0,3.0,3.0,3.0
4.0,4.0,4.0,4.0,5.0,4.0
3.0,3.0,3.0,1.0,1.0,3.0
5.0,4.0,4.0,5.0,5.0,5.0
4.0,4.0,4.0,4.0,4.0,4.0
2.0,2.0,2.0,3.0,3.0,2.0
3.0,3.0,4.0,4.0,4.0,4.0
1.0,1.0,1.0,1.0,1.0,1.0
2.0,2.0,2.0,2.0,2.0,2.0
3.0,3.0,2.0,2.0,2.0,2.0
2.0,2.0,2.0,2.0,1.0,2.0
4.0,4.0,4.0,4.0,4.0,4.0
3.0,3.0,3.0,3.0,4.0,3.0
1.0,1.0,1.0,1.0,1.0,1.0
1.0,1.0,1.0,1.0,1.0,1.0
4.0,4.0,4.0,4.0,4.0,4.0
1.0,1.0,1.0,1.0,1.0,1.0
1.0,1.0,1.0,1.0,1.0,1.0
2.0,2.0,1.0,2.0,1.0,1.0
1.0,1.0,1.0,1.0,1.0,1.0
4.0,4.0,4.0,4.0,4.0,4.0
2.0,3.0,3.0,3.0,3.0,3.0
5.0,5.0,5.0,5.0,5.0,5.0
3.0,3.0,3.0,3.0,3.0,3.0
4.0,4.0,4.0,4.0,4.0,4.0
4.0,4.0,4.0,3.0,3.0,4.0
4.0,4.0,4.0,4.0,4.0,4.0
3.0,4.0,3.0,4.0,4.0,3.0
4.0,4.0,5.0,4.0,2.0,4.0
1.0,1.0,1.0,1.0,1.0,1.0
3.0,3.0,3.0,3.0,3.0,3.0
1.0,1.0,1.0,1.0,1.0,1.0
2.0,3.0,3.0,3.0,3.0,2.0
1.0,1.0,1.0,1.0,1.0,1.0
3.0,3.0,3.0,3.0,3.0,4.0
4.0,4.0,4.0,4.0,4.0,4.0
3.0,4.0,3.0,4.0,2.0,3.0
1.0,1.0,1.0,1.0,1.0,1.0
3.0,3.0,2.0,2.0,2.0,2.0
1.0,1.0,1.0,1.0,1.0,1.0
4.0,4.0,4.0,4.0,4.0,4.0
3.0,3.0,3.0,3.0,3.0,3.0
4.0,4.0,4.0,4.0,4.0,4.0
4.0,4.0,4.0,4.0,4.0,4.0
3.0,2.0,2.0,2.0,2.0,3.0
5.0,5.0,4.0,5.0,5.0,5.0
3.0,3.0,3.0,3.0,3.0,3.0
4.0,4.0,4.0,4.0,4.0,4.0
4.0,4.0,4.0,4.0,4.0,4.0
4.0,4.0,4.0,4.0,4.0,4.0
4.0,4.0,4.0,4.0,4.0,3.0
2.0,2.0,2.0,2.0,2.0,2.0
4.0,4.0,4.0,4.0,4.0,4.0
3.0,4.0,4.0,4.0,3.0,4.0
4.0,4.0,4.0,4.0,4.0,4.0
3.0,3.0,3.0,4.0,4.0,3.0
2.0,2.0,2.0,2.0,2.0,2.0
4.0,4.0,4.0,4.0,4.0,4.0
5.0,5.0,5.0,5.0,5.0,5.0
3.0,3.0,3.0,3.0,3.0,3.0
4.0,4.0,4.0,4.0,5.0,4.0
4.0,4.0,4.0,4.0,4.0,4.0
1.0,1.0,1.0,1.0,1.0,1.0
4.0,4.0,4.0,4.0,4.0,4.0
5.0,5.0,5.0,4.0,2.0,5.0
4.0,4.0,4.0,4.0,4.0,4.0
1.0,1.0,1.0,1.0,1.0,1.0
3.0,3.0,3.0,3.0,2.0,3.0
4.0,4.0,4.0,4.0,4.0,4.0
4.0,4.0,4.0,4.0,3.0,4.0
4.0,4.0,4.0,4.0,4.0,4.0
3.0,3.0,3.0,3.0,3.0,3.0
3.0,3.0,3.0,3.0,3.0,3.0
4.0,4.0,4.0,4.0,4.0,4.0
3.0,3.0,3.0,3.0,3.0,3.0
4.0,4.0,4.0,4.0,4.0,4.0
3.0,3.0,3.0,3.0,4.0,4.0
2.0,3.0,3.0,3.0,3.0,3.0
1.0,1.0,1.0,1.0,1.0,1.0
4.0,4.0,4.0,4.0,4.0,4.0
4.0,4.0,4.0,4.0,4.0,4.0
1.0,1.0,1.0,1.0,1.0,1.0
2.0,2.0,2.0,2.0,1.0,2.0
4.0,4.0,4.0,4.0,4.0,4.0
3.0,3.0,3.0,3.0,3.0,3.0
2.0,2.0,2.0,2.0,2.0,2.0
3.0,2.0,2.0,2.0,1.0,2.0
4.0,3.0,4.0,3.0,2.0,3.0
1.0,1.0,1.0,1.0,1.0,1.0
5.0,4.0,4.0,5.0,3.0,4.0
1.0,1.0,1.0,1.0,1.0,1.0
4.0,4.0,4.0,4.0,4.0,4.0
4.0,4.0,4.0,4.0,5.0,4.0
5.0,5.0,5.0,5.0,4.0,4.0
5.0,5.0,5.0,5.0,5.0,5.0
2.0,1.0,1.0,1.0,1.0,1.0
4.0,4.0,4.0,4.0,4.0,4.0
4.0,4.0,5.0,5.0,5.0,5.0
4.0,4.0,4.0,4.0,3.0,4.0
4.0,4.0,4.0,4.0,4.0,4.0
3.0,3.0,3.0,3.0,3.0,2.0
4.0,4.0,4.0,4.0,4.0,4.0
2.0,2.0,2.0,2.0,2.0,2.0
4.0,5.0,4.0,4.0,5.0,4.0
1.0,1.0,1.0,1.0,1.0,1.0
4.0,4.0,4.0,4.0,3.0,3.0
3.0,4.0,3.0,3.0,3.0,3.0
3.0,3.0,3.0,3.0,3.0,3.0
2.0,1.0,2.0,2.0,1.0,2.0
4.0,4.0,4.0,4.0,5.0,4.0
3.0,3.0,2.0,3.0,3.0,3.0
3.0,3.0,3.0,3.0,2.0,3.0
2.0,2.0,2.0,3.0,2.0,2.0
1.0,1.0,1.0,1.0,1.0,1.0
5.0,4.0,5.0,4.0,4.0,4.0
2.0,3.0,2.0,3.0,2.0,2.0
2.0,1.0,2.0,1.0,1.0,1.0
4.0,3.0,4.0,4.0,5.0,4.0
3.0,3.0,3.0,3.0,3.0,3.0
2.0,2.0,2.0,2.0,2.0,2.0
4.0,4.0,4.0,4.0,4.0,4.0
4.0,4.0,4.0,4.0,4.0,4.0
4.0,4.0,4.0,4.0,4.0,4.0
3.0,3.0,3.0,3.0,3.0,3.0
1.0,1.0,1.0,1.0,1.0,1.0
3.0,3.0,3.0,3.0,3.0,3.0
3.0,3.0,3.0,3.0,3.0,2.0
4.0,4.0,4.0,5.0,4.0,4.0
4.0,4.0,4.0,4.0,4.0,4.0
4.0,4.0,4.0,4.0,4.0,4.0
4.0,4.0,4.0,4.0,4.0,4.0
1.0,1.0,1.0,1.0,1.0,1.0
4.0,3.0,4.0,4.0,3.0,3.0
2.0,2.0,2.0,2.0,1.0,2.0
2.0,3.0,3.0,3.0,3.0,3.0
3.0,3.0,4.0,4.0,4.0,4.0
4.0,4.0,4.0,4.0,4.0,4.0
2.0,2.0,2.0,2.0,2.0,2.0
2.0,2.0,2.0,1.0,1.0,1.0
2.0,2.0,2.0,2.0,2.0,2.0
5.0,5.0,5.0,5.0,5.0,5.0
5.0,5.0,5.0,5.0,5.0,5.0
4.0,3.0,4.0,4.0,5.0,4.0
2.0,2.0,2.0,2.0,1.0,2.0
4.0,4.0,4.0,4.0,4.0,4.0
4.0,4.0,4.0,4.0,4.0,4.0
3.0,3.0,3.0,3.0,2.0,3.0
3.0,3.0,3.0,3.0,3.0,3.0
4.0,4.0,4.0,4.0,4.0,4.0
1.0,1.0,1.0,1.0,1.0,1.0
3.0,3.0,3.0,3.0,3.0,3.0
4.0,4.0,4.0,5.0,4.0,4.0
2.0,2.0,2.0,3.0,3.0,3.0
4.0,4.0,4.0,4.0,3.0,3.0
2.0,2.0,2.0,2.0,1.0,2.0
4.0,4.0,4.0,4.0,3.0,4.0
1.0,1.0,1.0,1.0,1.0,1.0
4.0,3.0,4.0,4.0,3.0,4.0
4.0,4.0,4.0,5.0,5.0,4.0
3.0,3.0,3.0,3.0,3.0,3.0
4.0,4.0,3.0,4.0,3.0,4.0
4.0,4.0,4.0,4.0,4.0,4.0
3.0,4.0,3.0,4.0,3.0,3.0
3.0,3.0,3.0,4.0,4.0,4.0
4.0,4.0,4.0,5.0,4.0,4.0
2.0,2.0,2.0,2.0,2.0,2.0
3.0,3.0,3.0,3.0,4.0,4.0
2.0,2.0,2.0,3.0,2.0,2.0
3.0,4.0,4.0,3.0,3.0,3.0
4.0,4.0,4.0,4.0,5.0,4.0
2.0,3.0,3.0,2.0,2.0,2.0
4.0,4.0,4.0,4.0,4.0,4.0
1.0,1.0,1.0,1.0,1.0,1.0
2.0,2.0,3.0,3.0,2.0,2.0
2.0,2.0,2.0,2.0,3.0,2.0
4.0,4.0,4.0,4.0,4.0,4.0
1.0,3.0,3.0,3.0,3.0,3.0
5.0,5.0,5.0,5.0,4.0,5.0
3.0,3.0,3.0,3.0,3.0,3.0
1.0,2.0,1.0,1.0,1.0,1.0
2.0,2.0,2.0,2.0,2.0,2.0
3.0,2.0,2.0,2.0,2.0,2.0
4.0,4.0,4.0,4.0,4.0,4.0
3.0,3.0,3.0,3.0,3.0,3.0
3.0,3.0,2.0,3.0,1.0,3.0
1.0,1.0,1.0,1.0,1.0,2.0
3.0,3.0,3.0,3.0,4.0,3.0
2.0,2.0,2.0,2.0,2.0,3.0
3.0,3.0,3.0,3.0,3.0,3.0
2.0,2.0,2.0,2.0,2.0,2.0
4.0,4.0,5.0,4.0,4.0,4.0
4.0,4.0,4.0,4.0,4.0,4.0
5.0,5.0,5.0,5.0,5.0,5.0
3.0,3.0,3.0,3.0,2.0,3.0
4.0,4.0,4.0,4.0,4.0,4.0
2.0,3.0,2.0,2.0,3.0,2.0
2.0,3.0,2.0,2.0,2.0,2.0
4.0,4.0,4.0,4.0,4.0,3.0
2.0,2.0,2.0,2.0,1.0,2.0
3.0,3.0,3.0,4.0,4.0,4.0
2.0,3.0,2.0,2.0,1.0,2.0
2.0,2.0,2.0,2.0,1.0,2.0
4.0,4.0,4.0,4.0,5.0,4.0
1.0,1.0,2.0,1.0,1.0,1.0
4.0,4.0,4.0,4.0,4.0,4.0
4.0,4.0,4.0,4.0,4.0,3.0
4.0,4.0,4.0,4.0,4.0,4.0
3.0,3.0,3.0,3.0,3.0,3.0
3.0,3.0,3.0,3.0,3.0,3.0
4.0,4.0,4.0,4.0,4.0,3.0
4.0,4.0,4.0,4.0,4.0,4.0
4.0,4.0,4.0,5.0,4.0,4.0
3.0,4.0,3.0,4.0,4.0,3.0
4.0,4.0,4.0,4.0,4.0,4.0
3.0,3.0,3.0,3.0,3.0,3.0
2.0,2.0,2.0,2.0,2.0,2.0
4.0,4.0,4.0,4.0,4.0,4.0
3.0,3.0,3.0,3.0,3.0,3.0
3.0,3.0,3.0,3.0,2.0,2.0
4.0,4.0,4.0,4.0,5.0,4.0
3.0,3.0,3.0,3.0,3.0,3.0
2.0,2.0,2.0,2.0,3.0,2.0
1.0,1.0,1.0,1.0,1.0,1.0
3.0,3.0,3.0,3.0,3.0,3.0
4.0,4.0,4.0,4.0,4.0,4.0
2.0,2.0,2.0,2.0,2.0,2.0
1.0,1.0,1.0,1.0,1.0,1.0
3.0,4.0,4.0,4.0,4.0,4.0
2.0,2.0,2.0,3.0,3.0,2.0
2.0,2.0,2.0,2.0,2.0,2.0
4.0,4.0,4.0,4.0,4.0,4.0
1.0,1.0,1.0,1.0,1.0,1.0
2.0,2.0,2.0,2.0,1.0,2.0
1.0,1.0,1.0,1.0,1.0,1.0
2.0,2.0,2.0,2.0,1.0,2.0
2.0,3.0,3.0,2.0,1.0,2.0
3.0,3.0,3.0,3.0,3.0,4.0
1.0,1.0,1.0,1.0,1.0,1.0
3.0,3.0,3.0,3.0,4.0,3.0
1.0,1.0,1.0,1.0,1.0,1.0
1.0,1.0,1.0,1.0,1.0,1.0
3.0,3.0,3.0,3.0,2.0,2.0
3.0,4.0,4.0,3.0,3.0,3.0
4.0,4.0,4.0,4.0,4.0,4.0
4.0,4.0,4.0,4.0,4.0,4.0
4.0,4.0,4.0,4.0,4.0,4.0
2.0,2.0,2.0,2.0,1.0,2.0
2.0,3.0,3.0,3.0,3.0,2.0
3.0,3.0,3.0,3.0,2.0,2.0
3.0,3.0,4.0,3.0,3.0,4.0
2.0,2.0,2.0,2.0,2.0,2.0
1.0,1.0,1.0,1.0,1.0,1.0
4.0,4.0,4.0,4.0,4.0,4.0
4.0,4.0,4.0,4.0,4.0,4.0
1.0,1.0,1.0,1.0,1.0,1.0
4.0,4.0,4.0,4.0,4.0,4.0
3.0,3.0,3.0,3.0,4.0,3.0
4.0,4.0,4.0,5.0,4.0,4.0
5.0,5.0,5.0,5.0,4.0,5.0
3.0,3.0,3.0,2.0,2.0,2.0
4.0,4.0,4.0,4.0,4.0,4.0
4.0,4.0,4.0,4.0,4.0,4.0
4.0,4.0,4.0,4.0,4.0,4.0
4.0,4.0,4.0,4.0,4.0,4.0
4.0,4.0,4.0,4.0,4.0,4.0
3.0,3.0,3.0,3.0,4.0,3.0
4.0,4.0,4.0,4.0,4.0,4.0
2.0,2.0,2.0,2.0,1.0,2.0
3.0,3.0,3.0,3.0,3.0,3.0
3.0,3.0,3.0,3.0,2.0,3.0
4.0,4.0,4.0,4.0,3.0,4.0
4.0,4.0,4.0,4.0,4.0,4.0
3.0,3.0,3.0,3.0,2.0,2.0
2.0,2.0,2.0,2.0,1.0,2.0
4.0,4.0,4.0,4.0,4.0,4.0
4.0,4.0,4.0,4.0,3.0,4.0
4.0,4.0,4.0,4.0,4.0,4.0
4.0,4.0,4.0,4.0,4.0,4.0
3.0,3.0,4.0,4.0,4.0,4.0
2.0,2.0,1.0,1.0,1.0,1.0
3.0,3.0,3.0,3.0,3.0,3.0
4.0,5.0,5.0,4.0,4.0,5.0
5.0,5.0,5.0,5.0,5.0,5.0
2.0,2.0,2.0,2.0,2.0,2.0
2.0,3.0,3.0,2.0,3.0,2.0
3.0,3.0,2.0,2.0,2.0,2.0
2.0,2.0,2.0,2.0,2.0,2.0
4.0,4.0,4.0,4.0,4.0,4.0
2.0,2.0,2.0,2.0,1.0,2.0
4.0,4.0,3.0,4.0,3.0,3.0
4.0,4.0,4.0,4.0,4.0,4.0
5.0,4.0,5.0,5.0,4.0,5.0
4.0,4.0,4.0,4.0,4.0,5.0
4.0,4.0,4.0,4.0,4.0,4.0
4.0,4.0,4.0,4.0,4.0,4.0
2.0,2.0,2.0,2.0,1.0,2.0
4.0,4.0,4.0,4.0,4.0,4.0
2.0,2.0,2.0,2.0,3.0,2.0
4.0,4.0,4.0,4.0,4.0,4.0
4.0,4.0,4.0,5.0,4.0,4.0
3.0,3.0,3.0,3.0,3.0,3.0
4.0,4.0,4.0,4.0,4.0,4.0
2.0,2.0,2.0,2.0,2.0,2.0
4.0,4.0,4.0,4.0,4.0,4.0
2.0,2.0,1.0,2.0,1.0,2.0
3.0,2.0,2.0,2.0,1.0,2.0
1.0,1.0,1.0,1.0,1.0,1.0
2.0,3.0,3.0,3.0,1.0,3.0
4.0,3.0,4.0,4.0,3.0,4.0
4.0,4.0,4.0,4.0,3.0,4.0
3.0,3.0,4.0,3.0,4.0,3.0
2.0,2.0,2.0,2.0,2.0,2.0
2.0,2.0,2.0,1.0,1.0,1.0
4.0,4.0,4.0,4.0,4.0,4.0
4.0,4.0,4.0,4.0,3.0,4.0
2.0,2.0,2.0,2.0,2.0,2.0
4.0,4.0,4.0,4.0,4.0,4.0
2.0,3.0,3.0,2.0,2.0,3.0
4.0,3.0,3.0,3.0,3.0,3.0
3.0,2.0,2.0,2.0,2.0,2.0
1.0,2.0,1.0,2.0,1.0,1.0
3.0,3.0,3.0,3.0,2.0,3.0
1.0,1.0,1.0,1.0,1.0,1.0
4.0,4.0,4.0,4.0,3.0,4.0
5.0,5.0,5.0,5.0,5.0,5.0
2.0,2.0,2.0,2.0,1.0,2.0
4.0,4.0,4.0,4.0,4.0,4.0
4.0,4.0,4.0,4.0,5.0,4.0
4.0,4.0,4.0,4.0,3.0,4.0
4.0,4.0,4.0,4.0,4.0,4.0
2.0,2.0,2.0,3.0,3.0,2.0
5.0,5.0,5.0,5.0,5.0,5.0
4.0,4.0,4.0,4.0,4.0,4.0
2.0,3.0,3.0,3.0,3.0,3.0
1.0,1.0,1.0,1.0,1.0,1.0
1.0,1.0,1.0,1.0,1.0,1.0
3.0,3.0,3.0,3.0,3.0,3.0
2.0,2.0,2.0,2.0,2.0,2.0
1.0,1.0,1.0,1.0,1.0,1.0
3.0,4.0,3.0,4.0,3.0,4.0
4.0,4.0,4.0,4.0,5.0,4.0
4.0,4.0,4.0,5.0,4.0,4.0
1.0,1.0,1.0,1.0,1.0,1.0
4.0,4.0,4.0,4.0,5.0,4.0
4.0,4.0,4.0,4.0,4.0,4.0
4.0,4.0,4.0,4.0,4.0,4.0
2.0,2.0,2.0,2.0,2.0,2.0
1.0,1.0,1.0,1.0,1.0,1.0
4.0,3.0,3.0,4.0,3.0,3.0
3.0,3.0,3.0,3.0,3.0,3.0
2.0,3.0,2.0,2.0,2.0,2.0
2.0,2.0,2.0,2.0,1.0,2.0
1.0,2.0,1.0,2.0,1.0,1.0
3.0,1.0,2.0,1.0,1.0,1.0
1.0,1.0,1.0,1.0,1.0,1.0
2.0,2.0,2.0,2.0,2.0,2.0
2.0,3.0,2.0,2.0,2.0,2.0
4.0,4.0,4.0,3.0,5.0,4.0
2.0,2.0,2.0,1.0,1.0,2.0
4.0,4.0,4.0,4.0,4.0,4.0
3.0,3.0,3.0,2.0,2.0,3.0
1.0,1.0,2.0,1.0,1.0,1.0
2.0,2.0,2.0,2.0,1.0,2.0
5.0,5.0,5.0,5.0,5.0,5.0
3.0,3.0,3.0,3.0,3.0,3.0
4.0,4.0,4.0,4.0,5.0,4.0
1.0,1.0,1.0,1.0,1.0,1.0
2.0,2.0,2.0,2.0,1.0,2.0
5.0,5.0,5.0,5.0,5.0,5.0
4.0,4.0,4.0,4.0,4.0,4.0
4.0,4.0,4.0,4.0,4.0,4.0
1.0,1.0,1.0,1.0,1.0,1.0
3.0,2.0,3.0,3.0,2.0,2.0
1.0,1.0,1.0,1.0,1.0,1.0
4.0,4.0,4.0,4.0,3.0,4.0
3.0,3.0,3.0,3.0,3.0,4.0
4.0,4.0,4.0,4.0,4.0,4.0
4.0,4.0,4.0,4.0,4.0,4.0
2.0,1.0,1.0,1.0,1.0,1.0
2.0,1.0,1.0,1.0,1.0,1.0
4.0,3.0,4.0,4.0,3.0,3.0
2.0,2.0,2.0,2.0,2.0,2.0
3.0,3.0,3.0,3.0,3.0,3.0
4.0,4.0,4.0,4.0,4.0,4.0
3.0,3.0,3.0,3.0,3.0,3.0
3.0,3.0,3.0,3.0,3.0,3.0
4.0,4.0,4.0,4.0,4.0,4.0
1.0,1.0,1.0,1.0,1.0,1.0
2.0,2.0,2.0,3.0,2.0,2.0
4.0,4.0,4.0,4.0,4.0,4.0
4.0,4.0,4.0,4.0,4.0,4.0
4.0,3.0,4.0,3.0,2.0,3.0
2.0,2.0,2.0,2.0,1.0,1.0
3.0,3.0,3.0,3.0,3.0,3.0
1.0,1.0,1.0,1.0,1.0,1.0
4.0,4.0,4.0,4.0,4.0,4.0
4.0,4.0,4.0,5.0,5.0,4.0
4.0,4.0,4.0,4.0,4.0,4.0
3.0,3.0,3.0,3.0,2.0,3.0
4.0,5.0,4.0,5.0,4.0,4.0
3.0,3.0,3.0,2.0,3.0,2.0
2.0,2.0,2.0,1.0,1.0,1.0
2.0,3.0,2.0,2.0,2.0,2.0
3.0,1.0,1.0,3.0,3.0,3.0
4.0,4.0,4.0,4.0,4.0,4.0
4.0,4.0,4.0,4.0,4.0,4.0
1.0,1.0,1.0,1.0,1.0,1.0
4.0,4.0,4.0,4.0,4.0,4.0
1.0,1.0,1.0,1.0,1.0,1.0
2.0,2.0,1.0,1.0,1.0,1.0
2.0,2.0,2.0,2.0,2.0,2.0
1.0,1.0,1.0,1.0,1.0,3.0
4.0,4.0,4.0,4.0,4.0,4.0
2.0,1.0,1.0,1.0,1.0,1.0
4.0,4.0,4.0,4.0,4.0,4.0
4.0,4.0,4.0,4.0,4.0,4.0
4.0,4.0,4.0,4.0,4.0,4.0
4.0,4.0,4.0,4.0,4.0,4.0
1.0,1.0,1.0,1.0,1.0,1.0
3.0,3.0,3.0,3.0,3.0,3.0
4.0,4.0,4.0,4.0,4.0,4.0
3.0,3.0,3.0,3.0,3.0,3.0
3.0,3.0,3.0,3.0,4.0,3.0
4.0,4.0,4.0,4.0,4.0,4.0
3.0,3.0,3.0,3.0,3.0,3.0
4.0,4.0,2.0,4.0,3.0,4.0
1.0,1.0,1.0,1.0,1.0,1.0
3.0,3.0,3.0,3.0,3.0,3.0
4.0,4.0,4.0,4.0,5.0,4.0
4.0,4.0,4.0,4.0,4.0,4.0
4.0,4.0,4.0,4.0,4.0,4.0
3.0,3.0,3.0,3.0,3.0,3.0
3.0,3.0,4.0,4.0,3.0,4.0
2.0,2.0,2.0,2.0,2.0,2.0
4.0,4.0,4.0,4.0,4.0,3.0
2.0,3.0,2.0,3.0,2.0,3.0
4.0,4.0,4.0,4.0,4.0,4.0
2.0,2.0,2.0,2.0,2.0,2.0
5.0,5.0,5.0,5.0,5.0,5.0
4.0,4.0,4.0,4.0,5.0,4.0
2.0,2.0,2.0,2.0,2.0,2.0
2.0,3.0,2.0,2.0,2.0,2.0
4.0,4.0,4.0,4.0,4.0,4.0
3.0,3.0,3.0,3.0,3.0,2.0
4.0,4.0,4.0,4.0,3.0,4.0
4.0,4.0,4.0,4.0,4.0,4.0
4.0,4.0,4.0,4.0,4.0,4.0
4.0,4.0,4.0,4.0,4.0,4.0
3.0,3.0,3.0,3.0,2.0,3.0
3.0,3.0,3.0,3.0,3.0,3.0
4.0,4.0,4.0,4.0,4.0,4.0
2.0,2.0,2.0,2.0,1.0,2.0
2.0,2.0,2.0,3.0,3.0,2.0
4.0,4.0,4.0,4.0,5.0,4.0
4.0,4.0,4.0,4.0,4.0,4.0
2.0,1.0,1.0,1.0,1.0,2.0
5.0,4.0,5.0,5.0,4.0,5.0
4.0,4.0,4.0,4.0,5.0,4.0
1.0,1.0,1.0,1.0,1.0,1.0
4.0,4.0,4.0,4.0,4.0,4.0
4.0,4.0,4.0,4.0,4.0,4.0
4.0,4.0,4.0,4.0,4.0,4.0
2.0,2.0,2.0,2.0,2.0,2.0
2.0,1.0,1.0,1.0,1.0,1.0
2.0,2.0,2.0,2.0,2.0,2.0
4.0,4.0,4.0,4.0,4.0,4.0
4.0,4.0,4.0,4.0,4.0,4.0
4.0,4.0,4.0,4.0,4.0,4.0
3.0,3.0,3.0,3.0,3.0,3.0
4.0,4.0,3.0,4.0,4.0,3.0
2.0,2.0,2.0,2.0,1.0,2.0
3.0,3.0,3.0,3.0,3.0,3.0
3.0,4.0,3.0,3.0,4.0,4.0
2.0,2.0,2.0,1.0,1.0,1.0
2.0,2.0,2.0,2.0,2.0,2.0
4.0,4.0,4.0,4.0,4.0,4.0
4.0,4.0,4.0,4.0,4.0,4.0
4.0,4.0,4.0,4.0,4.0,4.0
1.0,1.0,1.0,1.0,1.0,1.0
4.0,4.0,4.0,4.0,4.0,4.0
4.0,4.0,4.0,4.0,4.0,4.0
4.0,4.0,4.0,4.0,4.0,4.0
4.0,4.0,4.0,4.0,4.0,4.0
4.0,4.0,4.0,4.0,4.0,4.0
3.0,3.0,3.0,3.0,3.0,3.0
4.0,4.0,4.0,4.0,4.0,4.0
4.0,3.0,4.0,3.0,1.0,3.0
3.0,3.0,3.0,3.0,3.0,3.0
2.0,2.0,2.0,2.0,2.0,2.0
4.0,4.0,4.0,4.0,4.0,4.0
3.0,3.0,3.0,3.0,3.0,3.0
3.0,3.0,4.0,2.0,1.0,3.0
1.0,1.0,1.0,1.0,1.0,1.0
4.0,4.0,4.0,4.0,4.0,4.0
4.0,4.0,4.0,4.0,5.0,4.0
3.0,2.0,3.0,3.0,2.0,2.0
4.0,4.0,4.0,4.0,4.0,4.0
4.0,5.0,4.0,5.0,4.0,4.0
4.0,4.0,4.0,4.0,4.0,4.0
4.0,4.0,4.0,4.0,5.0,4.0
4.0,4.0,4.0,4.0,4.0,4.0
3.0,4.0,4.0,4.0,4.0,3.0
3.0,3.0,3.0,3.0,3.0,3.0
2.0,2.0,2.0,1.0,1.0,2.0
4.0,4.0,4.0,4.0,3.0,4.0
4.0,4.0,4.0,4.0,4.0,4.0
1.0,1.0,1.0,1.0,1.0,1.0
4.0,4.0,4.0,4.0,3.0,3.0
3.0,3.0,3.0,4.0,4.0,4.0
2.0,2.0,2.0,1.0,1.0,1.0
4.0,5.0,5.0,5.0,4.0,4.0
4.0,4.0,4.0,4.0,4.0,4.0
3.0,3.0,4.0,4.0,4.0,4.0
3.0,3.0,3.0,3.0,3.0,3.0
1.0,1.0,1.0,1.0,1.0,1.0
4.0,4.0,4.0,4.0,4.0,4.0
4.0,4.0,4.0,4.0,5.0,4.0
4.0,4.0,4.0,4.0,5.0,4.0
4.0,4.0,4.0,4.0,4.0,4.0
3.0,3.0,3.0,3.0,3.0,3.0
2.0,2.0,2.0,3.0,3.0,3.0
3.0,3.0,3.0,4.0,3.0,3.0
4.0,4.0,4.0,5.0,4.0,4.0
3.0,3.0,3.0,4.0,3.0,3.0
3.0,2.0,3.0,3.0,4.0,3.0
2.0,2.0,2.0,2.0,1.0,2.0
4.0,4.0,4.0,4.0,3.0,4.0
4.0,4.0,3.0,4.0,1.0,2.0
3.0,4.0,3.0,4.0,3.0,3.0
1.0,1.0,1.0,1.0,1.0,1.0
4.0,4.0,4.0,4.0,4.0,4.0
5.0,5.0,4.0,5.0,4.0,4.0
3.0,3.0,3.0,3.0,3.0,3.0
4.0,4.0,4.0,4.0,5.0,4.0
2.0,2.0,2.0,2.0,1.0,2.0
3.0,3.0,3.0,4.0,3.0,3.0
4.0,4.0,4.0,4.0,4.0,4.0
4.0,4.0,4.0,4.0,3.0,4.0
2.0,1.0,1.0,1.0,1.0,1.0
2.0,3.0,3.0,2.0,3.0,2.0
2.0,2.0,2.0,2.0,2.0,2.0
1.0,1.0,1.0,1.0,1.0,1.0
2.0,2.0,2.0,1.0,1.0,2.0
1.0,1.0,1.0,1.0,1.0,1.0
4.0,4.0,4.0,4.0,4.0,4.0
2.0,3.0,2.0,3.0,2.0,3.0
3.0,3.0,2.0,3.0,2.0,2.0
4.0,4.0,4.0,4.0,3.0,4.0
2.0,2.0,2.0,2.0,2.0,2.0
4.0,5.0,5.0,5.0,5.0,5.0
1.0,1.0,1.0,1.0,1.0,1.0
2.0,3.0,2.0,3.0,2.0,2.0
3.0,3.0,3.0,3.0,3.0,3.0
4.0,4.0,4.0,3.0,3.0,4.0
1.0,1.0,1.0,1.0,1.0,1.0
1.0,1.0,1.0,1.0,1.0,1.0
2.0,2.0,3.0,3.0,3.0,2.0
1.0,1.0,2.0,2.0,1.0,1.0
1.0,1.0,2.0,2.0,1.0,2.0
4.0,4.0,4.0,4.0,4.0,3.0
4.0,4.0,3.0,3.0,2.0,4.0
4.0,4.0,4.0,4.0,4.0,4.0
3.0,3.0,3.0,3.0,3.0,3.0
3.0,1.0,1.0,1.0,1.0,1.0
4.0,4.0,4.0,4.0,5.0,4.0
4.0,4.0,4.0,4.0,3.0,4.0
3.0,3.0,3.0,3.0,3.0,3.0
3.0,3.0,3.0,3.0,3.0,3.0
5.0,5.0,4.0,5.0,5.0,5.0
4.0,4.0,4.0,4.0,4.0,4.0
4.0,4.0,4.0,4.0,4.0,4.0
4.0,3.0,3.0,5.0,5.0,4.0
4.0,4.0,3.0,4.0,4.0,4.0
3.0,3.0,3.0,3.0,2.0,3.0
2.0,2.0,3.0,3.0,3.0,3.0
1.0,1.0,1.0,1.0,1.0,1.0
3.0,4.0,4.0,4.0,4.0,3.0
1.0,2.0,1.0,2.0,1.0,1.0
1.0,1.0,1.0,1.0,1.0,1.0
4.0,4.0,4.0,4.0,4.0,4.0
2.0,2.0,2.0,2.0,2.0,2.0
4.0,4.0,4.0,4.0,4.0,4.0
1.0,1.0,1.0,1.0,1.0,1.0
1.0,1.0,1.0,1.0,1.0,1.0
3.0,3.0,3.0,3.0,3.0,3.0
4.0,4.0,4.0,4.0,4.0,4.0
4.0,4.0,4.0,4.0,5.0,4.0
5.0,5.0,5.0,5.0,5.0,5.0
3.0,3.0,3.0,3.0,4.0,3.0
4.0,4.0,4.0,4.0,4.0,4.0
4.0,4.0,4.0,4.0,4.0,4.0
3.0,3.0,3.0,3.0,3.0,3.0
3.0,3.0,3.0,5.0,5.0,3.0
2.0,2.0,1.0,1.0,1.0,1.0
2.0,1.0,2.0,1.0,1.0,2.0
2.0,2.0,2.0,2.0,2.0,2.0
4.0,4.0,4.0,4.0,3.0,4.0
3.0,3.0,3.0,3.0,4.0,3.0
3.0,2.0,3.0,3.0,3.0,2.0
3.0,3.0,3.0,3.0,3.0,3.0
2.0,2.0,2.0,2.0,1.0,2.0
4.0,4.0,4.0,4.0,4.0,4.0
4.0,4.0,4.0,4.0,4.0,4.0
4.0,4.0,4.0,5.0,5.0,4.0
2.0,2.0,2.0,2.0,2.0,2.0
4.0,4.0,4.0,4.0,3.0,3.0
3.0,4.0,4.0,4.0,3.0,3.0
2.0,2.0,1.0,2.0,1.0,2.0
1.0,1.0,1.0,1.0,1.0,1.0
4.0,4.0,4.0,4.0,4.0,4.0
4.0,4.0,4.0,4.0,4.0,4.0
4.0,4.0,4.0,4.0,4.0,4.0
4.0,4.0,3.0,4.0,3.0,3.0
3.0,4.0,3.0,4.0,3.0,4.0
1.0,1.0,1.0,1.0,1.0,1.0
4.0,4.0,4.0,3.0,1.0,4.0
2.0,2.0,2.0,2.0,1.0,2.0
3.0,4.0,4.0,4.0,3.0,4.0
4.0,5.0,5.0,5.0,4.0,5.0
1.0,2.0,3.0,3.0,3.0,2.0
3.0,2.0,2.0,2.0,2.0,2.0
4.0,4.0,4.0,4.0,4.0,4.0
4.0,4.0,4.0,4.0,4.0,4.0
3.0,3.0,2.0,3.0,3.0,3.0
4.0,4.0,4.0,4.0,4.0,4.0
1.0,1.0,1.0,1.0,1.0,1.0
5.0,5.0,5.0,5.0,5.0,5.0
4.0,4.0,4.0,4.0,4.0,4.0
3.0,3.0,4.0,4.0,4.0,4.0
3.0,3.0,3.0,4.0,3.0,3.0
1.0,1.0,1.0,1.0,1.0,1.0
3.0,3.0,3.0,3.0,3.0,3.0
1.0,1.0,1.0,1.0,1.0,1.0
3.0,3.0,3.0,3.0,3.0,3.0
4.0,4.0,4.0,3.0,1.0,4.0
4.0,4.0,4.0,4.0,4.0,4.0
4.0,4.0,4.0,4.0,4.0,4.0
5.0,5.0,5.0,5.0,5.0,5.0
3.0,4.0,4.0,4.0,4.0,4.0
1.0,1.0,1.0,1.0,1.0,1.0
2.0,2.0,2.0,2.0,2.0,2.0
4.0,4.0,4.0,4.0,4.0,4.0
4.0,4.0,4.0,4.0,4.0,4.0
5.0,3.0,5.0,3.0,3.0,5.0
3.0,3.0,3.0,3.0,3.0,3.0
2.0,1.0,2.0,1.0,1.0,1.0
2.0,1.0,1.0,1.0,1.0,1.0
2.0,2.0,2.0,2.0,1.0,2.0
3.0,5.0,3.0,5.0,3.0,3.0
3.0,3.0,4.0,3.0,3.0,3.0
3.0,2.0,2.0,2.0,2.0,3.0
1.0,1.0,1.0,1.0,1.0,1.0
3.0,3.0,3.0,3.0,2.0,3.0
2.0,2.0,2.0,2.0,2.0,2.0
3.0,3.0,3.0,3.0,4.0,3.0
3.0,3.0,3.0,4.0,3.0,3.0
4.0,4.0,4.0,4.0,4.0,4.0
3.0,3.0,3.0,3.0,2.0,3.0
2.0,2.0,2.0,2.0,1.0,2.0
4.0,4.0,4.0,4.0,4.0,4.0
1.0,1.0,1.0,1.0,1.0,1.0
1.0,1.0,1.0,3.0,1.0,1.0
4.0,4.0,4.0,5.0,5.0,4.0
2.0,2.0,2.0,2.0,2.0,2.0
4.0,4.0,4.0,4.0,4.0,4.0
5.0,5.0,5.0,5.0,5.0,5.0
4.0,4.0,4.0,4.0,4.0,3.0
3.0,4.0,3.0,3.0,4.0,3.0
2.0,2.0,2.0,3.0,2.0,2.0
5.0,5.0,5.0,5.0,5.0,5.0
3.0,3.0,3.0,3.0,3.0,3.0
2.0,2.0,2.0,1.0,1.0,2.0
1.0,1.0,1.0,1.0,1.0,1.0
5.0,5.0,5.0,5.0,5.0,5.0
3.0,3.0,3.0,3.0,3.0,3.0
3.0,3.0,3.0,3.0,1.0,3.0
2.0,2.0,2.0,2.0,1.0,2.0
2.0,2.0,2.0,2.0,2.0,2.0
4.0,4.0,4.0,4.0,4.0,3.0
2.0,2.0,2.0,2.0,1.0,2.0
1.0,1.0,1.0,1.0,1.0,1.0
4.0,5.0,5.0,5.0,5.0,5.0
4.0,4.0,4.0,4.0,4.0,4.0
4.0,4.0,4.0,4.0,4.0,4.0
2.0,2.0,2.0,2.0,2.0,2.0
4.0,4.0,4.0,4.0,4.0,4.0
1.0,1.0,2.0,2.0,1.0,2.0
4.0,4.0,4.0,4.0,4.0,4.0
4.0,4.0,4.0,4.0,3.0,4.0
4.0,4.0,4.0,4.0,4.0,4.0
2.0,2.0,2.0,2.0,2.0,2.0
1.0,1.0,2.0,1.0,1.0,1.0
2.0,2.0,2.0,2.0,1.0,1.0
1.0,1.0,1.0,1.0,1.0,1.0
3.0,3.0,3.0,3.0,3.0,3.0
4.0,4.0,4.0,5.0,5.0,4.0
3.0,3.0,3.0,3.0,3.0,3.0
3.0,4.0,4.0,4.0,4.0,4.0
3.0,4.0,3.0,3.0,3.0,4.0
4.0,4.0,4.0,4.0,5.0,4.0
3.0,3.0,3.0,3.0,3.0,3.0
3.0,3.0,3.0,4.0,3.0,3.0
2.0,3.0,2.0,2.0,1.0,2.0
3.0,4.0,4.0,3.0,4.0,3.0
4.0,3.0,4.0,4.0,4.0,4.0
4.0,4.0,4.0,4.0,3.0,4.0
4.0,4.0,4.0,4.0,4.0,4.0
3.0,3.0,3.0,3.0,3.0,3.0
1.0,1.0,1.0,1.0,1.0,1.0
2.0,2.0,2.0,2.0,1.0,2.0
4.0,4.0,4.0,4.0,4.0,4.0
5.0,5.0,5.0,5.0,4.0,4.0
3.0,4.0,3.0,4.0,3.0,3.0
2.0,2.0,2.0,2.0,1.0,2.0
2.0,1.0,1.0,1.0,1.0,1.0
2.0,2.0,2.0,2.0,1.0,2.0
2.0,2.0,2.0,2.0,1.0,2.0
4.0,4.0,4.0,4.0,4.0,4.0
4.0,4.0,4.0,4.0,3.0,4.0
4.0,4.0,4.0,4.0,4.0,4.0
1.0,1.0,1.0,1.0,1.0,1.0
3.0,3.0,3.0,2.0,2.0,2.0
2.0,2.0,3.0,3.0,3.0,3.0
4.0,4.0,4.0,4.0,4.0,4.0
4.0,4.0,4.0,4.0,4.0,4.0
4.0,4.0,4.0,4.0,4.0,3.0
2.0,2.0,2.0,1.0,1.0,2.0
3.0,3.0,3.0,3.0,4.0,3.0
4.0,3.0,3.0,4.0,4.0,3.0
2.0,2.0,2.0,2.0,2.0,2.0
4.0,4.0,4.0,4.0,5.0,4.0
4.0,4.0,4.0,4.0,5.0,4.0
4.0,4.0,3.0,4.0,4.0,4.0
1.0,1.0,1.0,1.0,1.0,1.0
4.0,4.0,4.0,4.0,3.0,4.0
2.0,2.0,2.0,2.0,2.0,2.0
2.0,2.0,2.0,1.0,1.0,2.0
2.0,2.0,2.0,2.0,1.0,2.0
1.0,2.0,1.0,1.0,1.0,1.0
4.0,4.0,4.0,4.0,3.0,4.0
4.0,3.0,3.0,3.0,3.0,3.0
3.0,3.0,3.0,3.0,3.0,3.0
4.0,4.0,4.0,4.0,4.0,4.0
4.0,4.0,4.0,4.0,4.0,4.0
4.0,4.0,4.0,4.0,3.0,4.0
2.0,2.0,2.0,2.0,1.0,2.0
3.0,4.0,4.0,4.0,3.0,4.0
4.0,4.0,4.0,4.0,4.0,4.0
3.0,3.0,3.0,3.0,2.0,3.0
3.0,3.0,3.0,3.0,3.0,3.0
3.0,4.0,4.0,4.0,4.0,4.0
4.0,4.0,4.0,4.0,4.0,4.0
2.0,2.0,2.0,2.0,2.0,2.0
3.0,3.0,3.0,3.0,4.0,4.0
2.0,3.0,3.0,3.0,3.0,3.0
1.0,1.0,1.0,1.0,1.0,1.0
2.0,2.0,2.0,2.0,1.0,2.0
4.0,4.0,4.0,4.0,4.0,4.0
1.0,1.0,1.0,1.0,1.0,1.0
2.0,2.0,2.0,2.0,1.0,2.0
4.0,4.0,3.0,4.0,4.0,3.0
3.0,4.0,4.0,3.0,3.0,4.0
3.0,4.0,3.0,4.0,4.0,3.0
1.0,1.0,1.0,1.0,1.0,1.0
1.0,1.0,1.0,1.0,1.0,1.0
2.0,2.0,2.0,2.0,1.0,2.0
3.0,3.0,3.0,4.0,3.0,4.0
4.0,4.0,4.0,4.0,3.0,4.0
2.0,2.0,2.0,2.0,2.0,2.0
3.0,3.0,3.0,3.0,3.0,3.0
2.0,2.0,1.0,2.0,1.0,2.0
2.0,2.0,2.0,3.0,3.0,3.0
2.0,2.0,2.0,2.0,1.0,2.0
4.0,4.0,4.0,4.0,4.0,4.0
2.0,2.0,2.0,2.0,1.0,2.0
1.0,1.0,1.0,1.0,1.0,1.0
3.0,3.0,4.0,3.0,4.0,3.0
2.0,2.0,2.0,2.0,1.0,2.0
4.0,4.0,4.0,4.0,3.0,4.0
2.0,3.0,3.0,3.0,4.0,1.0
2.0,2.0,2.0,1.0,1.0,1.0
4.0,4.0,4.0,5.0,4.0,4.0
4.0,4.0,4.0,4.0,4.0,4.0
1.0,1.0,1.0,1.0,1.0,1.0
3.0,3.0,3.0,3.0,3.0,3.0
3.0,3.0,3.0,3.0,2.0,3.0
4.0,4.0,4.0,4.0,5.0,4.0
2.0,1.0,2.0,1.0,1.0,1.0
4.0,4.0,4.0,4.0,4.0,4.0
4.0,4.0,4.0,4.0,4.0,4.0
4.0,4.0,4.0,4.0,4.0,4.0
4.0,4.0,3.0,3.0,3.0,4.0
3.0,3.0,3.0,3.0,3.0,3.0
4.0,4.0,4.0,4.0,4.0,4.0
4.0,4.0,4.0,4.0,4.0,4.0
4.0,4.0,4.0,4.0,4.0,4.0
1.0,1.0,1.0,1.0,1.0,1.0
3.0,3.0,3.0,3.0,3.0,3.0
3.0,3.0,2.0,3.0,2.0,2.0
2.0,2.0,2.0,2.0,2.0,2.0
3.0,3.0,2.0,3.0,2.0,2.0
4.0,5.0,4.0,4.0,5.0,5.0
2.0,2.0,2.0,2.0,3.0,2.0
4.0,4.0,4.0,4.0,4.0,4.0
4.0,4.0,4.0,4.0,4.0,4.0
4.0,4.0,4.0,3.0,3.0,4.0
4.0,4.0,4.0,4.0,4.0,4.0
4.0,4.0,4.0,4.0,4.0,4.0
2.0,2.0,2.0,1.0,1.0,2.0
4.0,4.0,4.0,4.0,4.0,4.0
4.0,4.0,4.0,5.0,5.0,4.0
4.0,4.0,4.0,4.0,4.0,4.0
3.0,3.0,3.0,3.0,3.0,3.0
2.0,2.0,2.0,2.0,2.0,2.0
2.0,1.0,1.0,1.0,1.0,2.0
4.0,4.0,4.0,3.0,2.0,4.0
2.0,1.0,2.0,1.0,1.0,2.0
2.0,2.0,2.0,3.0,1.0,2.0
3.0,3.0,1.0,3.0,3.0,1.0
4.0,4.0,4.0,4.0,4.0,4.0
3.0,3.0,3.0,3.0,2.0,2.0
1.0,1.0,1.0,1.0,1.0,1.0
4.0,4.0,4.0,4.0,4.0,4.0
4.0,4.0,4.0,4.0,4.0,4.0
4.0,5.0,5.0,5.0,4.0,5.0
2.0,2.0,2.0,2.0,2.0,2.0
1.0,1.0,1.0,1.0,1.0,1.0
4.0,4.0,4.0,4.0,4.0,4.0
4.0,4.0,4.0,4.0,4.0,4.0
4.0,4.0,4.0,4.0,4.0,4.0
2.0,2.0,2.0,2.0,3.0,2.0
5.0,5.0,5.0,5.0,4.0,4.0
1.0,1.0,1.0,1.0,1.0,1.0
4.0,4.0,4.0,4.0,4.0,4.0
3.0,3.0,3.0,3.0,3.0,3.0
4.0,4.0,4.0,4.0,4.0,4.0
3.0,3.0,3.0,3.0,3.0,3.0
3.0,3.0,3.0,3.0,2.0,3.0
3.0,2.0,3.0,2.0,3.0,3.0
1.0,1.0,1.0,1.0,1.0,1.0
2.0,2.0,1.0,2.0,2.0,2.0
4.0,4.0,4.0,5.0,4.0,4.0
3.0,3.0,3.0,3.0,2.0,3.0
3.0,3.0,3.0,4.0,3.0,4.0
1.0,1.0,1.0,1.0,1.0,1.0
2.0,2.0,2.0,2.0,2.0,2.0
2.0,2.0,2.0,2.0,2.0,2.0
4.0,4.0,3.0,3.0,4.0,4.0
2.0,1.0,1.0,1.0,1.0,1.0
1.0,1.0,1.0,1.0,1.0,1.0
2.0,2.0,2.0,2.0,1.0,2.0
3.0,3.0,3.0,3.0,2.0,3.0
2.0,2.0,3.0,2.0,2.0,2.0
4.0,4.0,4.0,4.0,4.0,4.0
4.0,4.0,4.0,4.0,4.0,4.0
4.0,4.0,4.0,4.0,4.0,4.0
4.0,4.0,4.0,4.0,3.0,4.0
4.0,4.0,4.0,4.0,4.0,4.0
4.0,4.0,4.0,4.0,4.0,4.0
4.0,4.0,4.0,4.0,4.0,4.0
4.0,4.0,4.0,3.0,2.0,3.0
1.0,2.0,1.0,1.0,1.0,1.0
1.0,1.0,1.0,1.0,1.0,1.0
2.0,2.0,2.0,2.0,1.0,2.0
2.0,2.0,2.0,2.0,3.0,3.0
5.0,5.0,5.0,5.0,5.0,5.0
1.0,1.0,1.0,1.0,1.0,1.0
4.0,4.0,4.0,4.0,4.0,4.0
2.0,3.0,3.0,3.0,3.0,3.0
5.0,5.0,4.0,5.0,4.0,5.0
5.0,4.0,5.0,5.0,4.0,5.0
4.0,4.0,4.0,4.0,4.0,4.0
4.0,4.0,4.0,4.0,4.0,4.0
4.0,4.0,4.0,4.0,5.0,4.0
2.0,2.0,1.0,2.0,1.0,2.0
5.0,5.0,5.0,5.0,5.0,5.0
3.0,3.0,3.0,3.0,3.0,2.0
2.0,2.0,1.0,1.0,1.0,1.0
3.0,3.0,3.0,3.0,3.0,3.0
3.0,3.0,4.0,3.0,3.0,4.0
2.0,2.0,2.0,1.0,1.0,2.0
1.0,1.0,1.0,1.0,1.0,1.0
4.0,4.0,4.0,4.0,4.0,4.0
4.0,4.0,4.0,4.0,3.0,4.0
2.0,3.0,3.0,2.0,2.0,2.0
4.0,4.0,4.0,4.0,3.0,4.0
4.0,4.0,4.0,4.0,4.0,4.0
4.0,4.0,4.0,4.0,4.0,4.0
3.0,3.0,3.0,3.0,3.0,3.0
3.0,3.0,3.0,3.0,2.0,3.0
4.0,4.0,4.0,4.0,4.0,4.0
4.0,4.0,4.0,4.0,3.0,3.0
3.0,3.0,3.0,3.0,2.0,3.0
5.0,5.0,5.0,5.0,5.0,5.0
2.0,2.0,2.0,2.0,2.0,2.0
4.0,3.0,3.0,4.0,4.0,4.0
4.0,4.0,4.0,4.0,4.0,4.0
1.0,1.0,1.0,1.0,1.0,1.0
3.0,4.0,4.0,4.0,4.0,4.0
4.0,4.0,4.0,4.0,5.0,4.0
4.0,3.0,3.0,3.0,2.0,3.0
3.0,3.0,3.0,3.0,2.0,2.0
3.0,3.0,3.0,3.0,3.0,3.0
4.0,4.0,4.0,4.0,5.0,4.0
4.0,4.0,4.0,4.0,4.0,4.0
2.0,1.0,1.0,1.0,1.0,1.0
4.0,4.0,4.0,4.0,5.0,4.0
3.0,3.0,4.0,3.0,4.0,3.0
1.0,2.0,1.0,1.0,1.0,2.0
3.0,4.0,4.0,4.0,3.0,4.0
2.0,2.0,2.0,2.0,2.0,2.0
5.0,5.0,5.0,5.0,5.0,5.0
4.0,4.0,4.0,4.0,3.0,3.0
4.0,4.0,4.0,4.0,4.0,4.0
1.0,1.0,1.0,1.0,1.0,1.0
1.0,1.0,1.0,1.0,1.0,1.0
3.0,3.0,3.0,4.0,4.0,3.0
4.0,4.0,4.0,4.0,4.0,4.0
5.0,5.0,4.0,5.0,4.0,5.0
3.0,3.0,3.0,3.0,3.0,3.0
3.0,4.0,4.0,3.0,3.0,4.0
4.0,4.0,4.0,4.0,4.0,4.0
1.0,1.0,1.0,1.0,1.0,1.0
4.0,4.0,4.0,4.0,5.0,4.0
3.0,3.0,2.0,3.0,2.0,3.0
2.0,2.0,2.0,2.0,2.0,3.0
3.0,3.0,2.0,2.0,2.0,2.0
5.0,5.0,5.0,3.0,3.0,5.0
3.0,3.0,3.0,4.0,3.0,3.0
2.0,3.0,3.0,3.0,5.0,3.0
3.0,3.0,2.0,3.0,1.0,3.0
4.0,4.0,4.0,4.0,4.0,4.0
4.0,4.0,5.0,5.0,5.0,4.0
1.0,1.0,1.0,1.0,1.0,1.0
3.0,4.0,4.0,3.0,4.0,4.0
5.0,5.0,4.0,5.0,5.0,4.0
3.0,2.0,2.0,3.0,2.0,3.0
4.0,4.0,4.0,4.0,4.0,4.0
3.0,4.0,4.0,3.0,4.0,4.0
2.0,2.0,2.0,3.0,3.0,2.0
4.0,4.0,4.0,4.0,4.0,4.0
2.0,2.0,2.0,2.0,1.0,2.0
5.0,5.0,5.0,5.0,5.0,5.0
5.0,4.0,5.0,5.0,5.0,5.0
3.0,4.0,4.0,4.0,4.0,4.0
5.0,5.0,5.0,5.0,5.0,5.0
4.0,4.0,4.0,4.0,4.0,4.0
3.0,3.0,3.0,3.0,3.0,3.0
3.0,3.0,3.0,4.0,3.0,3.0
4.0,4.0,4.0,4.0,4.0,4.0
2.0,2.0,1.0,1.0,1.0,1.0
3.0,3.0,3.0,4.0,3.0,3.0
4.0,4.0,4.0,4.0,4.0,4.0
4.0,4.0,4.0,4.0,4.0,4.0
5.0,5.0,5.0,5.0,5.0,5.0
5.0,5.0,5.0,5.0,4.0,5.0
4.0,4.0,4.0,4.0,5.0,4.0
3.0,4.0,4.0,4.0,4.0,3.0
2.0,2.0,2.0,2.0,2.0,2.0
3.0,3.0,3.0,3.0,3.0,3.0
4.0,4.0,4.0,4.0,3.0,4.0
3.0,3.0,2.0,3.0,2.0,2.0
3.0,2.0,3.0,2.0,1.0,3.0
3.0,3.0,3.0,3.0,3.0,3.0
3.0,4.0,4.0,4.0,4.0,4.0
4.0,4.0,4.0,3.0,3.0,4.0
1.0,1.0,1.0,1.0,1.0,1.0
4.0,4.0,4.0,4.0,5.0,4.0
4.0,4.0,5.0,4.0,5.0,5.0
2.0,2.0,2.0,2.0,2.0,2.0
3.0,3.0,3.0,3.0,4.0,3.0
3.0,3.0,3.0,4.0,4.0,3.0
3.0,3.0,3.0,3.0,3.0,3.0
1.0,1.0,1.0,1.0,1.0,1.0
1.0,1.0,1.0,1.0,1.0,1.0
1.0,1.0,1.0,1.0,1.0,1.0
4.0,4.0,4.0,4.0,4.0,4.0
3.0,4.0,3.0,3.0,3.0,3.0
3.0,3.0,3.0,3.0,3.0,3.0
5.0,4.0,5.0,5.0,4.0,4.0
4.0,4.0,4.0,4.0,4.0,4.0
4.0,4.0,4.0,4.0,5.0,4.0
4.0,2.0,2.0,4.0,2.0,4.0
1.0,1.0,1.0,1.0,1.0,1.0
3.0,3.0,3.0,2.0,2.0,2.0
2.0,2.0,2.0,2.0,1.0,2.0
3.0,4.0,3.0,4.0,4.0,3.0
4.0,4.0,4.0,4.0,4.0,4.0
3.0,3.0,3.0,3.0,3.0,3.0
4.0,4.0,4.0,4.0,4.0,4.0
1.0,1.0,1.0,1.0,1.0,1.0
2.0,2.0,3.0,3.0,3.0,2.0
1.0,1.0,1.0,1.0,1.0,1.0
3.0,3.0,3.0,4.0,3.0,4.0
1.0,1.0,1.0,1.0,1.0,1.0
2.0,2.0,2.0,1.0,1.0,2.0
3.0,3.0,4.0,3.0,4.0,4.0
3.0,4.0,4.0,4.0,3.0,3.0
1.0,1.0,1.0,1.0,1.0,1.0
4.0,4.0,4.0,4.0,4.0,4.0
3.0,4.0,3.0,4.0,4.0,4.0
4.0,3.0,3.0,3.0,3.0,4.0
2.0,3.0,3.0,2.0,2.0,3.0
2.0,2.0,2.0,2.0,2.0,2.0
4.0,4.0,4.0,4.0,4.0,4.0
3.0,3.0,3.0,3.0,3.0,3.0
2.0,3.0,3.0,2.0,3.0,3.0
1.0,1.0,1.0,1.0,1.0,1.0
1.0,1.0,1.0,1.0,1.0,1.0
3.0,3.0,3.0,3.0,4.0,3.0
4.0,4.0,4.0,4.0,3.0,3.0
3.0,3.0,3.0,3.0,3.0,3.0
3.0,3.0,3.0,3.0,3.0,2.0
4.0,4.0,4.0,4.0,4.0,4.0
2.0,2.0,2.0,3.0,2.0,2.0
4.0,4.0,4.0,5.0,5.0,5.0
2.0,2.0,2.0,2.0,2.0,2.0
2.0,2.0,2.0,2.0,1.0,2.0
4.0,4.0,4.0,4.0,3.0,4.0
5.0,4.0,5.0,5.0,4.0,5.0
3.0,3.0,3.0,3.0,4.0,3.0
4.0,4.0,3.0,3.0,3.0,3.0
4.0,4.0,4.0,4.0,4.0,4.0
4.0,4.0,4.0,4.0,4.0,4.0
4.0,4.0,4.0,4.0,5.0,4.0
4.0,3.0,3.0,3.0,3.0,3.0
4.0,3.0,3.0,3.0,1.0,3.0
2.0,2.0,2.0,2.0,1.0,2.0
3.0,3.0,4.0,4.0,3.0,3.0
3.0,3.0,3.0,2.0,2.0,2.0
3.0,3.0,3.0,3.0,3.0,3.0
2.0,2.0,2.0,2.0,2.0,2.0
3.0,3.0,4.0,3.0,3.0,3.0
4.0,4.0,3.0,4.0,4.0,3.0
4.0,4.0,5.0,5.0,3.0,5.0
2.0,2.0,2.0,2.0,2.0,2.0
3.0,3.0,3.0,4.0,3.0,3.0
4.0,5.0,5.0,5.0,5.0,5.0
3.0,4.0,4.0,4.0,5.0,4.0
4.0,4.0,4.0,4.0,4.0,4.0
1.0,1.0,1.0,1.0,1.0,1.0
4.0,4.0,4.0,4.0,5.0,4.0
2.0,2.0,2.0,3.0,3.0,3.0
3.0,3.0,3.0,3.0,3.0,3.0
3.0,3.0,3.0,4.0,4.0,3.0
1.0,1.0,1.0,1.0,1.0,1.0
4.0,4.0,4.0,4.0,4.0,4.0
3.0,3.0,3.0,4.0,3.0,3.0
3.0,4.0,4.0,4.0,4.0,3.0
4.0,4.0,4.0,4.0,4.0,4.0
4.0,4.0,4.0,4.0,4.0,4.0
2.0,2.0,2.0,1.0,1.0,2.0
2.0,2.0,2.0,2.0,2.0,2.0
1.0,1.0,1.0,1.0,1.0,1.0
2.0,2.0,2.0,2.0,2.0,3.0
4.0,3.0,4.0,4.0,3.0,3.0
1.0,1.0,1.0,1.0,1.0,1.0
4.0,4.0,4.0,4.0,4.0,4.0
3.0,3.0,3.0,3.0,3.0,3.0
1.0,1.0,1.0,1.0,1.0,1.0
4.0,4.0,5.0,4.0,5.0,5.0
4.0,4.0,4.0,4.0,5.0,4.0
5.0,5.0,5.0,5.0,5.0,5.0
2.0,2.0,3.0,3.0,2.0,2.0
4.0,4.0,4.0,4.0,4.0,4.0
3.0,3.0,4.0,3.0,4.0,4.0
4.0,4.0,3.0,3.0,3.0,3.0
4.0,4.0,4.0,4.0,4.0,4.0
2.0,2.0,2.0,2.0,2.0,2.0
3.0,3.0,3.0,3.0,3.0,3.0
4.0,4.0,4.0,4.0,4.0,4.0
4.0,4.0,4.0,4.0,4.0,4.0
4.0,4.0,4.0,4.0,4.0,4.0
4.0,4.0,4.0,4.0,4.0,4.0
3.0,2.0,2.0,3.0,3.0,2.0
3.0,3.0,3.0,4.0,3.0,3.0
2.0,2.0,2.0,2.0,3.0,2.0
2.0,2.0,2.0,2.0,2.0,2.0
4.0,4.0,4.0,4.0,4.0,4.0
3.0,3.0,4.0,3.0,3.0,3.0
4.0,4.0,4.0,4.0,4.0,4.0
2.0,2.0,2.0,2.0,1.0,2.0
4.0,4.0,4.0,4.0,3.0,3.0
3.0,3.0,3.0,3.0,3.0,3.0
2.0,2.0,2.0,2.0,2.0,2.0
3.0,3.0,3.0,3.0,3.0,3.0
4.0,4.0,4.0,4.0,3.0,4.0
3.0,3.0,2.0,3.0,1.0,2.0
2.0,2.0,2.0,2.0,2.0,2.0
2.0,2.0,2.0,2.0,2.0,2.0
4.0,4.0,4.0,4.0,4.0,4.0
4.0,4.0,4.0,4.0,4.0,4.0
3.0,3.0,3.0,3.0,3.0,3.0
5.0,5.0,5.0,5.0,5.0,4.0
4.0,4.0,4.0,4.0,3.0,4.0
3.0,3.0,3.0,3.0,3.0,3.0
1.0,1.0,1.0,1.0,1.0,1.0
4.0,4.0,4.0,4.0,4.0,4.0
4.0,3.0,4.0,3.0,3.0,4.0
4.0,4.0,4.0,4.0,4.0,4.0
3.0,3.0,3.0,3.0,3.0,3.0
3.0,3.0,3.0,4.0,4.0,3.0
4.0,4.0,4.0,4.0,4.0,4.0
3.0,3.0,3.0,3.0,3.0,3.0
3.0,3.0,3.0,3.0,2.0,3.0
1.0,1.0,1.0,1.0,1.0,1.0
3.0,4.0,3.0,3.0,3.0,3.0
4.0,4.0,4.0,4.0,4.0,4.0
1.0,1.0,1.0,1.0,1.0,1.0
3.0,3.0,3.0,2.0,2.0,3.0
1.0,1.0,1.0,1.0,1.0,1.0
2.0,2.0,2.0,2.0,2.0,2.0
4.0,4.0,4.0,4.0,3.0,4.0
4.0,4.0,4.0,4.0,4.0,4.0
4.0,4.0,4.0,4.0,4.0,4.0
4.0,4.0,4.0,4.0,4.0,4.0
1.0,1.0,1.0,1.0,1.0,1.0
4.0,4.0,4.0,4.0,4.0,4.0
3.0,3.0,3.0,3.0,3.0,3.0
1.0,1.0,2.0,2.0,1.0,1.0
4.0,4.0,4.0,4.0,4.0,4.0
5.0,5.0,4.0,5.0,4.0,5.0
3.0,3.0,3.0,3.0,3.0,3.0
2.0,2.0,2.0,1.0,1.0,1.0
2.0,2.0,2.0,2.0,2.0,2.0
2.0,2.0,2.0,2.0,2.0,2.0
3.0,3.0,3.0,3.0,3.0,2.0
2.0,2.0,2.0,2.0,2.0,2.0
1.0,1.0,1.0,1.0,1.0,1.0
2.0,3.0,2.0,2.0,2.0,2.0
4.0,4.0,4.0,4.0,4.0,4.0
3.0,3.0,3.0,3.0,3.0,3.0
4.0,4.0,4.0,4.0,4.0,4.0
4.0,4.0,4.0,4.0,4.0,4.0
4.0,4.0,4.0,4.0,4.0,4.0
4.0,4.0,4.0,4.0,5.0,4.0
4.0,4.0,4.0,4.0,5.0,4.0
4.0,4.0,4.0,4.0,4.0,4.0
3.0,3.0,3.0,3.0,1.0,3.0
3.0,3.0,1.0,1.0,1.0,1.0
5.0,5.0,5.0,5.0,5.0,5.0
4.0,4.0,4.0,5.0,5.0,5.0
4.0,4.0,4.0,4.0,4.0,4.0
2.0,2.0,2.0,2.0,2.0,2.0
4.0,4.0,4.0,4.0,4.0,4.0
2.0,2.0,2.0,2.0,2.0,2.0
3.0,3.0,3.0,3.0,3.0,3.0
2.0,2.0,2.0,2.0,1.0,1.0
5.0,5.0,5.0,5.0,5.0,5.0
4.0,4.0,4.0,4.0,4.0,4.0
2.0,2.0,2.0,2.0,2.0,2.0
2.0,2.0,2.0,1.0,1.0,1.0
2.0,2.0,2.0,1.0,1.0,2.0
2.0,1.0,1.0,1.0,1.0,1.0
4.0,4.0,4.0,4.0,4.0,4.0
3.0,3.0,4.0,4.0,4.0,3.0
4.0,4.0,4.0,4.0,3.0,4.0
4.0,4.0,4.0,4.0,3.0,4.0
1.0,1.0,1.0,1.0,1.0,1.0
2.0,3.0,2.0,2.0,2.0,2.0
4.0,4.0,4.0,3.0,1.0,3.0
2.0,2.0,2.0,2.0,2.0,2.0
2.0,3.0,3.0,3.0,2.0,3.0
1.0,1.0,1.0,1.0,1.0,1.0
5.0,5.0,5.0,5.0,5.0,5.0
1.0,1.0,2.0,1.0,1.0,2.0
1.0,1.0,1.0,1.0,1.0,1.0
4.0,5.0,4.0,4.0,4.0,4.0
3.0,3.0,3.0,4.0,4.0,3.0
2.0,2.0,2.0,2.0,2.0,2.0
5.0,5.0,4.0,5.0,5.0,4.0
4.0,4.0,4.0,4.0,4.0,4.0
4.0,4.0,4.0,4.0,4.0,4.0
2.0,2.0,2.0,2.0,1.0,2.0
1.0,1.0,1.0,1.0,1.0,1.0
4.0,4.0,4.0,5.0,4.0,4.0
3.0,4.0,3.0,4.0,3.0,4.0
4.0,4.0,4.0,4.0,5.0,4.0
3.0,4.0,3.0,4.0,4.0,4.0
2.0,2.0,2.0,2.0,2.0,2.0
4.0,4.0,4.0,4.0,4.0,4.0
4.0,3.0,3.0,3.0,1.0,3.0
4.0,4.0,4.0,4.0,4.0,4.0
3.0,4.0,4.0,4.0,4.0,3.0
1.0,1.0,1.0,1.0,1.0,1.0
4.0,3.0,3.0,3.0,3.0,4.0
4.0,4.0,4.0,4.0,4.0,4.0
2.0,2.0,2.0,2.0,1.0,2.0
2.0,2.0,3.0,3.0,2.0,2.0
4.0,5.0,5.0,4.0,4.0,4.0
5.0,4.0,5.0,5.0,5.0,5.0
3.0,3.0,3.0,3.0,3.0,3.0
4.0,4.0,4.0,4.0,4.0,4.0
2.0,2.0,2.0,2.0,2.0,2.0
1.0,1.0,1.0,1.0,1.0,1.0
3.0,3.0,3.0,3.0,3.0,3.0
4.0,4.0,4.0,4.0,4.0,4.0
2.0,2.0,2.0,2.0,3.0,2.0
4.0,4.0,4.0,4.0,4.0,3.0
4.0,4.0,4.0,4.0,4.0,4.0
4.0,4.0,4.0,5.0,4.0,4.0
4.0,4.0,4.0,5.0,5.0,4.0
2.0,3.0,2.0,3.0,3.0,2.0
2.0,2.0,2.0,2.0,1.0,2.0
2.0,2.0,2.0,2.0,2.0,2.0
5.0,5.0,5.0,5.0,5.0,4.0
2.0,2.0,2.0,2.0,1.0,2.0
4.0,4.0,4.0,4.0,4.0,4.0
5.0,5.0,5.0,5.0,5.0,5.0
2.0,2.0,2.0,1.0,1.0,3.0
2.0,2.0,2.0,2.0,1.0,2.0
4.0,4.0,4.0,4.0,4.0,4.0
3.0,4.0,3.0,4.0,3.0,4.0
2.0,2.0,2.0,1.0,1.0,1.0
4.0,4.0,4.0,4.0,4.0,4.0
4.0,4.0,4.0,4.0,4.0,4.0
4.0,4.0,4.0,4.0,4.0,4.0
4.0,4.0,3.0,4.0,4.0,4.0
1.0,1.0,1.0,1.0,1.0,1.0
5.0,5.0,5.0,5.0,5.0,5.0
3.0,3.0,2.0,3.0,3.0,3.0
2.0,2.0,2.0,3.0,3.0,2.0
1.0,1.0,1.0,1.0,1.0,1.0
3.0,4.0,3.0,3.0,3.0,3.0
2.0,2.0,1.0,1.0,1.0,1.0
4.0,4.0,4.0,4.0,4.0,4.0
5.0,5.0,5.0,5.0,5.0,5.0
3.0,3.0,3.0,3.0,3.0,3.0
5.0,5.0,5.0,4.0,5.0,4.0
2.0,2.0,2.0,2.0,2.0,2.0
4.0,4.0,4.0,4.0,4.0,4.0
4.0,4.0,4.0,4.0,4.0,4.0
4.0,5.0,4.0,5.0,5.0,5.0
4.0,4.0,4.0,4.0,4.0,4.0
3.0,4.0,3.0,4.0,4.0,3.0
4.0,4.0,3.0,4.0,3.0,4.0
4.0,4.0,4.0,4.0,4.0,4.0
4.0,4.0,4.0,4.0,4.0,4.0
1.0,2.0,1.0,1.0,1.0,2.0
4.0,4.0,4.0,4.0,4.0,4.0
4.0,4.0,4.0,4.0,3.0,4.0
5.0,5.0,5.0,5.0,4.0,5.0
3.0,4.0,4.0,4.0,4.0,4.0
4.0,4.0,4.0,4.0,4.0,4.0
1.0,1.0,1.0,1.0,1.0,1.0
2.0,2.0,2.0,2.0,1.0,1.0
3.0,3.0,3.0,3.0,3.0,3.0
3.0,3.0,3.0,3.0,4.0,3.0
4.0,4.0,4.0,4.0,3.0,4.0
3.0,4.0,3.0,3.0,3.0,3.0
2.0,3.0,3.0,3.0,3.0,3.0
2.0,2.0,2.0,2.0,2.0,2.0
4.0,4.0,4.0,4.0,4.0,4.0
4.0,4.0,4.0,4.0,4.0,4.0
4.0,4.0,4.0,4.0,4.0,4.0
3.0,3.0,3.0,3.0,3.0,3.0
4.0,4.0,4.0,4.0,4.0,4.0
4.0,4.0,4.0,4.0,4.0,4.0
4.0,4.0,4.0,5.0,4.0,4.0
4.0,4.0,4.0,4.0,4.0,4.0
4.0,4.0,4.0,4.0,4.0,3.0
4.0,4.0,4.0,4.0,4.0,4.0
2.0,2.0,2.0,2.0,2.0,2.0
2.0,2.0,2.0,3.0,1.0,2.0
2.0,2.0,1.0,2.0,1.0,2.0
1.0,1.0,1.0,1.0,1.0,1.0
4.0,4.0,3.0,4.0,3.0,3.0
3.0,3.0,3.0,3.0,4.0,4.0
4.0,4.0,4.0,4.0,4.0,4.0
2.0,2.0,2.0,3.0,3.0,3.0
4.0,4.0,4.0,4.0,3.0,4.0
4.0,4.0,4.0,4.0,5.0,4.0
4.0,4.0,3.0,4.0,4.0,4.0
1.0,1.0,1.0,1.0,1.0,1.0
3.0,3.0,3.0,3.0,3.0,3.0
1.0,1.0,1.0,2.0,1.0,1.0
2.0,2.0,2.0,2.0,2.0,2.0
4.0,5.0,5.0,4.0,4.0,4.0
4.0,4.0,4.0,5.0,5.0,4.0
3.0,4.0,3.0,4.0,3.0,3.0
2.0,2.0,2.0,2.0,2.0,2.0
4.0,4.0,3.0,4.0,3.0,3.0
2.0,1.0,2.0,3.0,1.0,2.0
2.0,2.0,3.0,3.0,3.0,2.0
3.0,2.0,2.0,2.0,2.0,2.0
2.0,2.0,2.0,2.0,2.0,2.0
4.0,4.0,4.0,4.0,4.0,4.0
4.0,4.0,4.0,4.0,4.0,4.0
2.0,2.0,1.0,1.0,1.0,1.0
4.0,4.0,4.0,4.0,4.0,4.0
1.0,1.0,1.0,1.0,1.0,1.0
4.0,4.0,4.0,4.0,4.0,4.0
4.0,4.0,4.0,4.0,4.0,4.0
5.0,5.0,5.0,4.0,4.0,4.0
4.0,4.0,4.0,4.0,4.0,4.0
2.0,2.0,2.0,2.0,1.0,2.0
3.0,3.0,3.0,2.0,2.0,3.0
1.0,1.0,1.0,1.0,1.0,1.0
4.0,4.0,4.0,4.0,4.0,4.0
3.0,3.0,3.0,3.0,3.0,3.0
2.0,2.0,2.0,2.0,2.0,2.0
5.0,5.0,5.0,5.0,5.0,5.0
4.0,4.0,4.0,4.0,4.0,4.0
5.0,4.0,5.0,5.0,4.0,4.0
4.0,4.0,4.0,4.0,4.0,4.0
3.0,3.0,2.0,3.0,3.0,3.0
2.0,2.0,2.0,2.0,1.0,2.0
3.0,4.0,3.0,4.0,4.0,4.0
4.0,4.0,3.0,4.0,3.0,4.0
2.0,2.0,2.0,2.0,1.0,2.0
2.0,2.0,2.0,2.0,2.0,2.0
3.0,3.0,3.0,3.0,3.0,3.0
1.0,1.0,1.0,1.0,1.0,1.0
3.0,3.0,3.0,3.0,3.0,4.0
4.0,4.0,4.0,4.0,4.0,4.0
4.0,4.0,4.0,4.0,4.0,4.0
3.0,3.0,3.0,4.0,4.0,3.0
3.0,3.0,3.0,3.0,2.0,3.0
2.0,2.0,2.0,1.0,1.0,1.0
3.0,3.0,3.0,3.0,3.0,3.0
4.0,4.0,4.0,4.0,4.0,4.0
2.0,2.0,2.0,2.0,2.0,2.0
5.0,5.0,5.0,4.0,4.0,4.0
3.0,3.0,3.0,2.0,2.0,3.0
4.0,4.0,4.0,4.0,4.0,4.0
4.0,4.0,4.0,4.0,4.0,4.0
2.0,2.0,2.0,2.0,3.0,2.0
3.0,3.0,3.0,3.0,2.0,3.0
3.0,3.0,3.0,3.0,3.0,3.0
2.0,2.0,2.0,2.0,2.0,2.0
2.0,2.0,2.0,1.0,1.0,2.0
4.0,4.0,4.0,4.0,4.0,4.0
4.0,3.0,3.0,4.0,3.0,3.0
4.0,4.0,4.0,4.0,4.0,3.0
3.0,3.0,3.0,2.0,2.0,2.0
1.0,1.0,1.0,1.0,1.0,1.0
4.0,4.0,4.0,4.0,4.0,4.0
3.0,3.0,3.0,3.0,3.0,3.0
2.0,1.0,1.0,1.0,1.0,1.0
3.0,3.0,3.0,3.0,3.0,3.0
4.0,4.0,4.0,4.0,5.0,4.0
4.0,4.0,4.0,4.0,4.0,4.0
4.0,4.0,4.0,4.0,4.0,4.0
3.0,3.0,3.0,3.0,4.0,3.0
3.0,3.0,3.0,3.0,1.0,3.0
2.0,2.0,2.0,2.0,1.0,2.0
4.0,4.0,4.0,4.0,4.0,4.0
4.0,4.0,4.0,5.0,4.0,5.0
2.0,2.0,2.0,3.0,3.0,3.0
4.0,4.0,3.0,4.0,3.0,3.0
4.0,4.0,3.0,4.0,4.0,2.0
4.0,4.0,4.0,4.0,4.0,4.0
3.0,3.0,3.0,3.0,2.0,3.0
4.0,4.0,4.0,4.0,4.0,4.0
1.0,1.0,1.0,1.0,1.0,1.0
3.0,3.0,3.0,4.0,3.0,3.0
3.0,3.0,4.0,4.0,3.0,3.0
4.0,4.0,4.0,4.0,5.0,4.0
2.0,1.0,1.0,1.0,1.0,1.0
4.0,4.0,4.0,4.0,4.0,4.0
4.0,4.0,4.0,4.0,5.0,4.0
4.0,5.0,4.0,4.0,5.0,4.0
3.0,3.0,4.0,3.0,4.0,4.0
3.0,2.0,3.0,2.0,2.0,3.0
4.0,4.0,4.0,4.0,4.0,4.0
1.0,1.0,1.0,1.0,1.0,1.0
4.0,4.0,4.0,4.0,4.0,4.0
4.0,4.0,4.0,4.0,4.0,4.0
3.0,3.0,3.0,3.0,3.0,3.0
2.0,2.0,2.0,3.0,3.0,2.0
3.0,3.0,3.0,3.0,3.0,3.0
4.0,4.0,4.0,4.0,4.0,4.0
3.0,3.0,3.0,3.0,2.0,3.0
3.0,3.0,3.0,3.0,3.0,3.0
4.0,4.0,4.0,4.0,4.0,4.0
4.0,4.0,4.0,4.0,4.0,4.0
3.0,4.0,4.0,4.0,4.0,4.0
4.0,4.0,4.0,4.0,4.0,4.0
3.0,3.0,2.0,3.0,3.0,3.0
4.0,4.0,4.0,4.0,4.0,4.0
1.0,1.0,1.0,1.0,1.0,1.0
3.0,3.0,3.0,4.0,3.0,4.0
4.0,4.0,4.0,4.0,4.0,4.0
2.0,2.0,2.0,2.0,1.0,2.0
4.0,4.0,4.0,4.0,4.0,4.0
4.0,5.0,4.0,5.0,4.0,4.0
4.0,4.0,4.0,4.0,4.0,4.0
4.0,4.0,4.0,4.0,4.0,4.0
2.0,2.0,2.0,2.0,1.0,2.0
1.0,1.0,1.0,1.0,1.0,1.0
4.0,4.0,4.0,4.0,4.0,4.0
1.0,1.0,1.0,1.0,1.0,1.0
2.0,2.0,2.0,2.0,1.0,2.0
2.0,2.0,2.0,2.0,1.0,2.0
2.0,2.0,2.0,2.0,1.0,2.0
1.0,1.0,1.0,1.0,1.0,1.0
4.0,4.0,4.0,4.0,4.0,4.0
4.0,4.0,4.0,4.0,5.0,4.0
4.0,4.0,4.0,4.0,4.0,4.0
4.0,4.0,4.0,4.0,4.0,4.0
3.0,3.0,3.0,4.0,3.0,3.0
1.0,1.0,1.0,1.0,1.0,1.0
3.0,3.0,3.0,3.0,3.0,3.0
4.0,4.0,4.0,4.0,3.0,4.0
4.0,4.0,4.0,4.0,3.0,4.0
4.0,4.0,4.0,4.0,4.0,4.0
5.0,5.0,5.0,5.0,5.0,5.0
1.0,1.0,1.0,1.0,1.0,1.0
4.0,4.0,3.0,3.0,4.0,4.0
2.0,3.0,2.0,3.0,1.0,2.0
4.0,4.0,4.0,4.0,4.0,4.0
2.0,1.0,1.0,1.0,1.0,2.0
4.0,4.0,4.0,4.0,4.0,3.0
3.0,3.0,4.0,3.0,3.0,4.0
3.0,3.0,2.0,2.0,2.0,2.0
3.0,3.0,2.0,3.0,2.0,3.0
4.0,4.0,4.0,4.0,4.0,4.0
4.0,4.0,4.0,3.0,1.0,3.0
3.0,3.0,2.0,3.0,3.0,3.0
4.0,4.0,4.0,4.0,5.0,4.0
3.0,3.0,3.0,3.0,3.0,3.0
5.0,5.0,5.0,5.0,5.0,5.0
2.0,2.0,2.0,2.0,2.0,2.0
4.0,4.0,4.0,4.0,4.0,4.0
4.0,4.0,4.0,4.0,4.0,4.0
1.0,1.0,1.0,1.0,1.0,1.0
4.0,4.0,4.0,4.0,4.0,4.0
4.0,4.0,4.0,4.0,4.0,4.0
2.0,2.0,2.0,2.0,2.0,2.0
3.0,3.0,3.0,3.0,3.0,3.0
3.0,3.0,3.0,3.0,3.0,3.0
4.0,3.0,4.0,4.0,4.0,4.0
4.0,4.0,4.0,4.0,4.0,4.0
2.0,2.0,2.0,2.0,1.0,2.0
4.0,4.0,4.0,4.0,3.0,4.0
5.0,5.0,5.0,5.0,5.0,4.0
4.0,4.0,4.0,4.0,4.0,4.0
2.0,3.0,3.0,3.0,3.0,3.0
3.0,3.0,3.0,3.0,3.0,3.0
2.0,3.0,3.0,3.0,2.0,2.0
4.0,4.0,4.0,4.0,4.0,4.0
3.0,3.0,3.0,3.0,4.0,3.0
3.0,3.0,3.0,4.0,4.0,3.0
3.0,3.0,3.0,4.0,4.0,4.0
4.0,4.0,4.0,4.0,3.0,4.0
1.0,1.0,1.0,1.0,1.0,1.0
4.0,4.0,4.0,4.0,4.0,4.0
2.0,2.0,2.0,2.0,2.0,2.0
4.0,4.0,4.0,4.0,5.0,4.0
3.0,3.0,3.0,3.0,3.0,3.0
5.0,5.0,5.0,5.0,5.0,5.0
2.0,2.0,2.0,3.0,3.0,3.0
3.0,3.0,4.0,3.0,3.0,3.0
1.0,1.0,1.0,1.0,1.0,1.0
3.0,3.0,4.0,3.0,3.0,3.0
3.0,3.0,3.0,3.0,3.0,3.0
1.0,1.0,1.0,1.0,1.0,1.0
1.0,1.0,1.0,1.0,1.0,1.0
5.0,5.0,5.0,5.0,5.0,5.0
4.0,4.0,4.0,4.0,4.0,4.0
3.0,3.0,3.0,3.0,2.0,3.0
1.0,2.0,1.0,1.0,1.0,1.0
1.0,1.0,1.0,1.0,1.0,1.0
3.0,3.0,3.0,3.0,3.0,3.0
2.0,2.0,2.0,1.0,1.0,2.0
4.0,4.0,4.0,4.0,4.0,4.0
5.0,5.0,5.0,5.0,4.0,5.0
4.0,4.0,4.0,4.0,4.0,4.0
2.0,2.0,2.0,2.0,1.0,2.0
4.0,4.0,4.0,4.0,3.0,4.0
1.0,1.0,1.0,1.0,1.0,1.0
3.0,3.0,3.0,3.0,3.0,3.0
4.0,4.0,4.0,4.0,4.0,4.0
1.0,1.0,1.0,1.0,1.0,1.0
3.0,3.0,3.0,3.0,2.0,3.0
4.0,4.0,4.0,4.0,3.0,3.0
3.0,3.0,3.0,3.0,3.0,3.0
3.0,3.0,3.0,4.0,2.0,4.0
2.0,2.0,2.0,1.0,1.0,2.0
4.0,4.0,4.0,4.0,4.0,4.0
4.0,4.0,4.0,4.0,4.0,4.0
2.0,2.0,2.0,2.0,2.0,2.0
2.0,2.0,2.0,2.0,2.0,2.0
4.0,4.0,4.0,4.0,4.0,4.0
1.0,1.0,1.0,2.0,1.0,1.0
2.0,2.0,2.0,3.0,3.0,3.0
4.0,4.0,4.0,4.0,4.0,4.0
1.0,3.0,3.0,1.0,1.0,1.0
4.0,3.0,3.0,3.0,2.0,3.0
3.0,4.0,3.0,3.0,3.0,3.0
2.0,2.0,2.0,1.0,1.0,2.0
4.0,4.0,4.0,4.0,3.0,4.0
5.0,4.0,4.0,5.0,5.0,4.0
2.0,2.0,2.0,2.0,1.0,2.0
3.0,2.0,3.0,3.0,3.0,3.0
4.0,4.0,4.0,4.0,4.0,4.0
3.0,4.0,3.0,4.0,3.0,3.0
1.0,1.0,1.0,1.0,1.0,1.0
3.0,3.0,3.0,3.0,3.0,3.0
3.0,4.0,4.0,4.0,4.0,4.0
4.0,4.0,4.0,4.0,5.0,3.0
3.0,4.0,4.0,4.0,4.0,4.0
1.0,1.0,1.0,1.0,1.0,1.0
4.0,4.0,4.0,4.0,4.0,4.0
1.0,1.0,1.0,1.0,1.0,1.0
5.0,5.0,5.0,5.0,4.0,4.0
4.0,4.0,4.0,4.0,4.0,4.0
2.0,2.0,2.0,2.0,2.0,2.0
4.0,4.0,4.0,4.0,3.0,4.0
4.0,4.0,4.0,4.0,4.0,4.0
4.0,4.0,4.0,4.0,4.0,4.0
4.0,4.0,4.0,4.0,4.0,4.0
2.0,2.0,2.0,2.0,2.0,2.0
4.0,4.0,4.0,4.0,4.0,4.0
2.0,2.0,2.0,2.0,4.0,3.0
5.0,4.0,5.0,4.0,4.0,5.0
1.0,1.0,1.0,1.0,1.0,1.0
1.0,2.0,1.0,1.0,1.0,1.0
1.0,1.0,1.0,1.0,1.0,1.0
3.0,4.0,3.0,4.0,4.0,3.0
3.0,3.0,2.0,3.0,2.0,3.0
4.0,4.0,4.0,4.0,4.0,4.0
3.0,2.0,2.0,2.0,2.0,2.0
4.0,4.0,4.0,4.0,4.0,3.0
3.0,3.0,3.0,3.0,3.0,3.0
2.0,2.0,2.0,2.0,1.0,2.0
5.0,5.0,4.0,5.0,5.0,5.0
4.0,4.0,4.0,4.0,4.0,4.0
4.0,4.0,3.0,4.0,3.0,2.0
4.0,4.0,4.0,4.0,4.0,4.0
3.0,3.0,3.0,3.0,4.0,3.0
2.0,3.0,2.0,2.0,2.0,2.0
4.0,4.0,3.0,3.0,3.0,3.0
5.0,5.0,5.0,5.0,5.0,5.0
3.0,3.0,3.0,3.0,4.0,3.0
4.0,4.0,4.0,4.0,3.0,4.0
3.0,2.0,3.0,2.0,2.0,2.0
4.0,4.0,4.0,4.0,4.0,4.0
4.0,4.0,4.0,4.0,5.0,4.0
5.0,5.0,4.0,5.0,5.0,4.0
4.0,4.0,4.0,5.0,5.0,4.0
5.0,5.0,4.0,4.0,3.0,5.0
5.0,5.0,5.0,5.0,5.0,4.0
3.0,3.0,3.0,3.0,3.0,3.0
3.0,3.0,2.0,3.0,3.0,3.0
3.0,3.0,3.0,4.0,1.0,3.0
2.0,2.0,2.0,2.0,2.0,2.0
4.0,4.0,4.0,4.0,4.0,4.0
4.0,3.0,4.0,4.0,3.0,3.0
1.0,1.0,1.0,1.0,1.0,1.0
4.0,4.0,4.0,4.0,4.0,4.0
4.0,4.0,4.0,4.0,5.0,4.0
2.0,2.0,2.0,2.0,1.0,2.0
4.0,4.0,4.0,4.0,4.0,4.0
4.0,4.0,4.0,4.0,4.0,4.0
2.0,2.0,2.0,2.0,2.0,2.0
4.0,4.0,5.0,4.0,5.0,4.0
2.0,2.0,2.0,1.0,3.0,2.0
3.0,3.0,3.0,3.0,3.0,3.0
5.0,5.0,4.0,5.0,5.0,5.0
1.0,1.0,1.0,1.0,1.0,1.0
4.0,4.0,4.0,4.0,4.0,4.0
2.0,2.0,2.0,2.0,2.0,2.0
4.0,5.0,5.0,4.0,5.0,5.0
3.0,3.0,3.0,3.0,2.0,3.0
5.0,5.0,5.0,5.0,5.0,5.0
4.0,4.0,4.0,4.0,4.0,4.0
4.0,4.0,4.0,4.0,5.0,4.0
3.0,3.0,3.0,3.0,3.0,3.0
1.0,1.0,1.0,1.0,1.0,1.0
4.0,4.0,4.0,4.0,5.0,4.0
3.0,3.0,2.0,3.0,3.0,3.0
1.0,1.0,1.0,1.0,1.0,1.0
3.0,3.0,3.0,3.0,3.0,3.0
3.0,3.0,3.0,3.0,3.0,3.0
2.0,2.0,2.0,2.0,1.0,2.0
4.0,4.0,4.0,4.0,5.0,4.0
4.0,3.0,4.0,3.0,3.0,3.0
3.0,4.0,4.0,4.0,4.0,3.0
4.0,4.0,3.0,4.0,4.0,4.0
4.0,4.0,4.0,4.0,4.0,4.0
4.0,4.0,4.0,4.0,4.0,4.0
3.0,3.0,3.0,4.0,3.0,3.0
3.0,3.0,2.0,3.0,1.0,1.0
4.0,4.0,3.0,3.0,3.0,3.0
4.0,4.0,4.0,4.0,4.0,4.0
2.0,2.0,2.0,2.0,2.0,2.0
4.0,4.0,4.0,4.0,4.0,4.0
4.0,4.0,4.0,4.0,4.0,4.0
4.0,4.0,4.0,4.0,4.0,4.0
2.0,1.0,1.0,1.0,1.0,1.0
2.0,2.0,1.0,2.0,1.0,1.0
2.0,2.0,2.0,2.0,2.0,2.0
5.0,5.0,5.0,4.0,4.0,4.0
3.0,3.0,2.0,3.0,3.0,3.0
4.0,4.0,5.0,5.0,5.0,5.0
3.0,4.0,4.0,3.0,3.0,4.0
3.0,4.0,3.0,3.0,3.0,4.0
2.0,2.0,2.0,2.0,3.0,2.0
4.0,4.0,4.0,4.0,4.0,4.0
4.0,4.0,4.0,4.0,5.0,4.0
5.0,5.0,4.0,5.0,4.0,4.0
4.0,4.0,3.0,3.0,4.0,4.0
3.0,4.0,3.0,4.0,3.0,3.0
3.0,3.0,3.0,3.0,4.0,3.0
2.0,2.0,2.0,2.0,2.0,2.0
4.0,4.0,4.0,4.0,4.0,4.0
2.0,2.0,2.0,2.0,2.0,2.0
3.0,3.0,3.0,3.0,3.0,3.0
3.0,2.0,2.0,2.0,1.0,2.0
4.0,4.0,4.0,5.0,4.0,4.0
3.0,3.0,3.0,4.0,3.0,3.0
4.0,3.0,4.0,3.0,3.0,3.0
3.0,3.0,3.0,4.0,4.0,3.0
1.0,1.0,1.0,1.0,1.0,1.0
2.0,2.0,2.0,2.0,2.0,2.0
4.0,4.0,4.0,4.0,4.0,4.0
1.0,1.0,1.0,1.0,1.0,1.0
4.0,3.0,4.0,4.0,3.0,4.0
4.0,4.0,4.0,5.0,4.0,4.0
4.0,4.0,4.0,3.0,3.0,4.0
3.0,2.0,2.0,2.0,2.0,2.0
1.0,1.0,1.0,1.0,1.0,1.0
4.0,4.0,4.0,4.0,4.0,4.0
4.0,4.0,4.0,4.0,4.0,4.0
2.0,2.0,2.0,2.0,1.0,1.0
3.0,3.0,4.0,4.0,4.0,4.0
3.0,3.0,3.0,4.0,4.0,4.0
3.0,3.0,3.0,3.0,5.0,3.0
5.0,5.0,5.0,5.0,5.0,5.0
4.0,5.0,5.0,5.0,4.0,4.0
5.0,4.0,4.0,5.0,4.0,4.0
2.0,3.0,3.0,3.0,3.0,3.0
3.0,3.0,3.0,3.0,3.0,3.0
3.0,2.0,2.0,3.0,2.0,2.0
4.0,4.0,4.0,4.0,4.0,4.0
3.0,3.0,3.0,3.0,3.0,3.0
2.0,2.0,2.0,2.0,2.0,2.0
4.0,5.0,4.0,5.0,5.0,4.0
1.0,1.0,1.0,1.0,1.0,1.0
4.0,4.0,3.0,4.0,3.0,4.0
2.0,3.0,2.0,2.0,2.0,2.0
2.0,2.0,2.0,2.0,1.0,2.0
4.0,4.0,4.0,4.0,4.0,4.0
4.0,4.0,4.0,4.0,4.0,4.0
4.0,4.0,3.0,4.0,4.0,3.0
3.0,4.0,4.0,4.0,5.0,3.0
1.0,1.0,2.0,1.0,1.0,1.0
4.0,4.0,4.0,3.0,4.0,3.0
5.0,5.0,5.0,5.0,4.0,5.0
4.0,4.0,4.0,4.0,4.0,4.0
4.0,4.0,4.0,4.0,4.0,4.0
4.0,4.0,4.0,4.0,2.0,4.0
3.0,3.0,3.0,3.0,3.0,3.0
4.0,4.0,4.0,4.0,5.0,4.0
1.0,1.0,1.0,1.0,1.0,1.0
3.0,3.0,3.0,3.0,3.0,3.0
4.0,4.0,4.0,4.0,4.0,4.0
2.0,2.0,2.0,2.0,1.0,2.0
1.0,1.0,1.0,1.0,1.0,1.0
3.0,3.0,3.0,3.0,3.0,3.0
4.0,4.0,4.0,4.0,4.0,4.0
3.0,3.0,3.0,4.0,3.0,3.0
2.0,2.0,2.0,2.0,1.0,2.0
2.0,2.0,2.0,2.0,1.0,2.0
3.0,4.0,3.0,4.0,4.0,3.0
4.0,5.0,5.0,5.0,5.0,4.0
3.0,4.0,3.0,4.0,3.0,4.0
2.0,2.0,2.0,1.0,1.0,2.0
4.0,3.0,3.0,4.0,4.0,4.0
4.0,4.0,4.0,4.0,3.0,3.0
4.0,4.0,4.0,3.0,2.0,3.0
4.0,4.0,4.0,4.0,4.0,4.0
3.0,3.0,3.0,3.0,2.0,3.0
3.0,3.0,3.0,4.0,3.0,3.0
2.0,2.0,2.0,1.0,1.0,1.0
2.0,3.0,2.0,2.0,2.0,2.0
2.0,2.0,2.0,2.0,1.0,2.0
4.0,4.0,4.0,4.0,3.0,4.0
2.0,2.0,2.0,2.0,1.0,2.0
4.0,4.0,4.0,4.0,4.0,4.0
4.0,4.0,4.0,4.0,4.0,4.0
4.0,4.0,4.0,4.0,4.0,4.0
2.0,2.0,1.0,1.0,1.0,1.0
1.0,1.0,1.0,1.0,1.0,1.0
4.0,5.0,4.0,4.0,5.0,4.0
4.0,4.0,4.0,3.0,3.0,4.0
3.0,3.0,3.0,3.0,2.0,3.0
1.0,1.0,1.0,1.0,1.0,1.0
2.0,2.0,2.0,2.0,1.0,2.0
3.0,3.0,3.0,3.0,3.0,3.0
5.0,5.0,5.0,5.0,4.0,4.0
3.0,3.0,3.0,3.0,4.0,3.0
5.0,5.0,5.0,5.0,5.0,5.0
4.0,4.0,4.0,4.0,3.0,4.0
4.0,4.0,4.0,4.0,4.0,4.0
2.0,2.0,2.0,2.0,1.0,2.0
4.0,4.0,4.0,4.0,4.0,4.0
3.0,2.0,2.0,2.0,1.0,2.0
3.0,4.0,4.0,4.0,2.0,4.0
2.0,2.0,2.0,2.0,2.0,2.0
4.0,3.0,3.0,3.0,2.0,3.0
3.0,3.0,3.0,3.0,4.0,3.0
1.0,1.0,1.0,1.0,1.0,1.0
4.0,4.0,4.0,4.0,4.0,4.0
4.0,5.0,4.0,5.0,4.0,5.0
4.0,4.0,4.0,3.0,2.0,3.0
1.0,1.0,1.0,1.0,1.0,1.0
4.0,4.0,4.0,4.0,4.0,4.0
2.0,3.0,2.0,3.0,2.0,2.0
4.0,3.0,3.0,3.0,2.0,3.0
2.0,2.0,2.0,2.0,1.0,2.0
2.0,2.0,2.0,2.0,2.0,2.0
4.0,4.0,4.0,4.0,4.0,4.0
5.0,5.0,5.0,5.0,4.0,5.0
3.0,3.0,3.0,3.0,3.0,3.0
3.0,3.0,3.0,3.0,4.0,3.0
1.0,1.0,1.0,1.0,1.0,1.0
4.0,4.0,4.0,4.0,5.0,4.0
3.0,2.0,3.0,3.0,2.0,3.0
2.0,2.0,2.0,3.0,3.0,2.0
4.0,4.0,4.0,4.0,4.0,4.0
3.0,3.0,3.0,3.0,3.0,3.0
1.0,1.0,1.0,1.0,1.0,1.0
3.0,3.0,3.0,3.0,3.0,3.0
4.0,4.0,4.0,4.0,3.0,4.0
3.0,4.0,4.0,4.0,5.0,4.0
3.0,3.0,3.0,3.0,1.0,3.0
2.0,2.0,2.0,2.0,2.0,2.0
3.0,3.0,3.0,3.0,3.0,3.0
4.0,4.0,3.0,4.0,3.0,4.0
3.0,3.0,3.0,3.0,3.0,3.0
1.0,1.0,1.0,1.0,1.0,2.0
3.0,3.0,3.0,4.0,3.0,3.0
3.0,2.0,3.0,3.0,2.0,2.0
4.0,4.0,4.0,4.0,4.0,4.0
3.0,3.0,3.0,3.0,3.0,3.0
4.0,5.0,5.0,4.0,4.0,5.0
5.0,5.0,5.0,5.0,5.0,5.0
3.0,3.0,3.0,3.0,3.0,3.0
4.0,4.0,4.0,4.0,5.0,4.0
4.0,4.0,4.0,4.0,4.0,4.0
3.0,3.0,3.0,3.0,3.0,3.0
4.0,4.0,4.0,4.0,3.0,4.0
2.0,2.0,1.0,1.0,1.0,1.0
1.0,1.0,1.0,1.0,1.0,1.0
3.0,3.0,3.0,4.0,3.0,3.0
1.0,1.0,1.0,1.0,1.0,3.0
4.0,4.0,4.0,4.0,4.0,4.0
4.0,4.0,4.0,4.0,4.0,4.0
4.0,4.0,4.0,4.0,3.0,4.0
3.0,4.0,4.0,4.0,4.0,4.0
5.0,5.0,5.0,4.0,4.0,4.0
4.0,4.0,4.0,4.0,4.0,5.0
3.0,4.0,3.0,4.0,4.0,4.0
4.0,4.0,4.0,4.0,4.0,4.0
2.0,2.0,2.0,1.0,1.0,2.0
4.0,4.0,5.0,5.0,5.0,4.0
4.0,4.0,4.0,4.0,4.0,4.0
3.0,3.0,3.0,3.0,3.0,3.0
3.0,3.0,3.0,2.0,2.0,4.0
4.0,4.0,4.0,4.0,4.0,4.0
2.0,3.0,3.0,1.0,1.0,3.0
4.0,4.0,4.0,4.0,4.0,4.0
5.0,5.0,5.0,5.0,5.0,5.0
2.0,2.0,2.0,2.0,1.0,2.0
2.0,3.0,2.0,3.0,3.0,3.0
4.0,5.0,4.0,5.0,5.0,4.0
1.0,1.0,1.0,1.0,1.0,1.0
4.0,3.0,4.0,4.0,2.0,3.0
4.0,4.0,4.0,4.0,4.0,4.0
4.0,4.0,4.0,4.0,4.0,4.0
4.0,4.0,4.0,4.0,4.0,4.0
2.0,2.0,2.0,2.0,2.0,2.0
4.0,4.0,4.0,4.0,4.0,4.0
4.0,5.0,4.0,5.0,5.0,4.0
3.0,3.0,3.0,2.0,2.0,2.0
2.0,2.0,2.0,2.0,2.0,2.0
1.0,1.0,1.0,1.0,1.0,1.0
4.0,4.0,4.0,4.0,4.0,4.0
2.0,2.0,2.0,2.0,1.0,2.0
3.0,3.0,3.0,3.0,2.0,3.0
4.0,4.0,4.0,4.0,4.0,4.0
4.0,4.0,4.0,4.0,4.0,4.0
4.0,4.0,4.0,4.0,4.0,4.0
3.0,3.0,4.0,4.0,4.0,4.0
3.0,3.0,3.0,2.0,2.0,2.0
2.0,2.0,2.0,2.0,2.0,2.0
4.0,4.0,4.0,4.0,4.0,4.0
5.0,5.0,5.0,5.0,5.0,5.0
2.0,2.0,2.0,2.0,1.0,2.0
4.0,4.0,4.0,4.0,5.0,4.0
5.0,5.0,5.0,5.0,5.0,5.0
2.0,2.0,2.0,2.0,2.0,2.0
1.0,1.0,1.0,1.0,1.0,1.0
3.0,3.0,3.0,3.0,2.0,3.0
1.0,1.0,1.0,1.0,1.0,1.0
4.0,4.0,4.0,5.0,5.0,4.0
1.0,1.0,1.0,1.0,1.0,1.0
2.0,2.0,2.0,2.0,2.0,2.0
3.0,4.0,3.0,4.0,4.0,4.0
1.0,1.0,1.0,1.0,1.0,1.0
5.0,5.0,5.0,5.0,4.0,5.0
3.0,3.0,3.0,3.0,3.0,3.0
2.0,2.0,2.0,2.0,2.0,2.0
1.0,1.0,1.0,1.0,1.0,1.0
1.0,1.0,1.0,1.0,1.0,1.0
1.0,1.0,1.0,1.0,1.0,1.0
4.0,4.0,4.0,4.0,4.0,4.0
2.0,2.0,2.0,2.0,1.0,2.0
3.0,4.0,4.0,4.0,5.0,4.0
4.0,4.0,4.0,4.0,5.0,4.0
3.0,3.0,3.0,3.0,3.0,3.0
2.0,2.0,2.0,3.0,1.0,2.0
1.0,1.0,1.0,1.0,1.0,1.0
4.0,4.0,4.0,4.0,3.0,3.0
4.0,4.0,4.0,4.0,4.0,4.0
2.0,1.0,1.0,1.0,1.0,2.0
4.0,4.0,4.0,4.0,4.0,4.0
1.0,1.0,2.0,2.0,1.0,1.0
4.0,4.0,4.0,4.0,4.0,4.0
4.0,4.0,4.0,4.0,4.0,4.0
4.0,4.0,4.0,4.0,4.0,4.0
2.0,2.0,2.0,1.0,1.0,1.0
4.0,4.0,4.0,4.0,4.0,4.0
2.0,2.0,2.0,2.0,3.0,2.0
2.0,2.0,2.0,2.0,2.0,2.0
3.0,4.0,4.0,3.0,3.0,4.0
3.0,3.0,3.0,3.0,3.0,3.0
4.0,4.0,4.0,4.0,4.0,4.0
2.0,2.0,2.0,2.0,2.0,2.0
2.0,2.0,2.0,2.0,1.0,2.0
4.0,4.0,4.0,4.0,3.0,4.0
2.0,2.0,2.0,2.0,2.0,2.0
4.0,4.0,4.0,4.0,4.0,4.0
1.0,1.0,1.0,1.0,1.0,1.0
4.0,4.0,4.0,4.0,4.0,4.0
3.0,4.0,4.0,4.0,4.0,4.0
4.0,5.0,5.0,5.0,4.0,5.0
4.0,4.0,4.0,4.0,4.0,3.0
4.0,4.0,4.0,4.0,4.0,4.0
3.0,4.0,3.0,3.0,3.0,3.0
4.0,4.0,4.0,3.0,4.0,4.0
5.0,5.0,4.0,4.0,4.0,4.0
2.0,2.0,2.0,2.0,1.0,1.0
4.0,4.0,4.0,4.0,5.0,4.0
5.0,4.0,4.0,4.0,5.0,5.0
2.0,1.0,2.0,1.0,1.0,1.0
4.0,4.0,4.0,4.0,4.0,4.0
4.0,4.0,4.0,5.0,4.0,4.0
3.0,4.0,4.0,4.0,4.0,4.0
4.0,4.0,4.0,4.0,4.0,3.0
5.0,5.0,4.0,5.0,5.0,5.0
4.0,4.0,4.0,4.0,4.0,3.0
3.0,3.0,3.0,3.0,3.0,3.0
2.0,2.0,1.0,1.0,1.0,2.0
5.0,5.0,4.0,5.0,5.0,4.0
3.0,3.0,3.0,3.0,2.0,3.0
4.0,4.0,4.0,4.0,5.0,4.0
3.0,3.0,3.0,3.0,2.0,2.0
2.0,2.0,2.0,2.0,1.0,2.0
1.0,1.0,1.0,1.0,1.0,1.0
4.0,4.0,4.0,4.0,4.0,4.0
4.0,4.0,4.0,4.0,4.0,4.0
4.0,4.0,3.0,3.0,1.0,3.0
5.0,4.0,4.0,4.0,4.0,4.0
4.0,4.0,4.0,4.0,4.0,4.0
4.0,3.0,4.0,4.0,3.0,4.0
1.0,1.0,1.0,1.0,1.0,1.0
4.0,3.0,2.0,2.0,2.0,3.0
4.0,4.0,4.0,4.0,4.0,4.0
2.0,2.0,2.0,1.0,1.0,1.0
4.0,4.0,4.0,4.0,4.0,4.0
4.0,4.0,4.0,4.0,5.0,4.0
4.0,4.0,4.0,4.0,4.0,4.0
1.0,1.0,1.0,1.0,1.0,1.0
3.0,3.0,3.0,3.0,2.0,3.0
3.0,3.0,3.0,3.0,3.0,3.0
4.0,4.0,4.0,4.0,4.0,4.0
2.0,3.0,3.0,3.0,3.0,3.0
1.0,2.0,2.0,2.0,1.0,2.0
4.0,3.0,3.0,2.0,1.0,3.0
2.0,2.0,2.0,2.0,2.0,2.0
4.0,4.0,4.0,4.0,4.0,4.0
2.0,2.0,2.0,2.0,2.0,2.0
2.0,2.0,2.0,2.0,1.0,2.0
1.0,1.0,1.0,1.0,1.0,1.0
4.0,4.0,3.0,4.0,3.0,3.0
1.0,1.0,1.0,1.0,1.0,1.0
1.0,1.0,1.0,1.0,1.0,1.0
4.0,3.0,3.0,3.0,2.0,3.0
4.0,4.0,4.0,4.0,4.0,4.0
2.0,2.0,2.0,2.0,1.0,1.0
3.0,3.0,3.0,3.0,3.0,3.0
4.0,4.0,5.0,4.0,4.0,5.0
3.0,4.0,3.0,4.0,3.0,4.0
2.0,3.0,3.0,3.0,3.0,5.0
4.0,4.0,4.0,4.0,4.0,4.0
3.0,3.0,3.0,3.0,2.0,4.0
3.0,4.0,4.0,4.0,4.0,3.0
4.0,4.0,4.0,4.0,3.0,4.0
3.0,3.0,3.0,3.0,3.0,3.0
3.0,3.0,3.0,3.0,3.0,3.0
2.0,2.0,2.0,2.0,2.0,1.0
4.0,4.0,4.0,4.0,4.0,4.0
3.0,3.0,3.0,3.0,3.0,3.0
3.0,3.0,3.0,4.0,3.0,4.0
3.0,3.0,2.0,3.0,3.0,3.0
3.0,3.0,3.0,3.0,1.0,2.0
5.0,5.0,5.0,5.0,5.0,5.0
3.0,3.0,3.0,3.0,3.0,3.0
4.0,4.0,4.0,4.0,4.0,4.0
4.0,4.0,4.0,4.0,3.0,4.0
4.0,4.0,4.0,4.0,4.0,4.0
2.0,3.0,3.0,3.0,3.0,3.0
4.0,4.0,5.0,5.0,5.0,4.0
3.0,3.0,3.0,3.0,4.0,4.0
1.0,1.0,1.0,1.0,1.0,1.0
4.0,4.0,4.0,4.0,4.0,4.0
4.0,4.0,4.0,4.0,4.0,4.0
1.0,1.0,1.0,1.0,1.0,1.0
1.0,2.0,2.0,1.0,1.0,1.0
4.0,4.0,4.0,4.0,4.0,4.0
3.0,3.0,3.0,2.0,2.0,2.0
3.0,2.0,2.0,2.0,1.0,2.0
4.0,4.0,4.0,4.0,3.0,4.0
4.0,4.0,4.0,3.0,3.0,3.0
3.0,3.0,3.0,4.0,4.0,4.0
4.0,4.0,4.0,4.0,3.0,4.0
2.0,2.0,2.0,3.0,3.0,3.0
2.0,2.0,2.0,3.0,2.0,2.0
3.0,3.0,4.0,3.0,3.0,3.0
2.0,3.0,2.0,3.0,3.0,3.0
4.0,4.0,4.0,4.0,4.0,4.0
3.0,3.0,3.0,4.0,4.0,4.0
3.0,3.0,3.0,3.0,3.0,3.0
3.0,3.0,3.0,3.0,4.0,3.0
4.0,4.0,4.0,4.0,3.0,4.0
3.0,3.0,3.0,2.0,2.0,2.0
1.0,1.0,1.0,1.0,1.0,1.0
3.0,3.0,3.0,3.0,2.0,3.0
4.0,4.0,4.0,4.0,4.0,4.0
3.0,3.0,3.0,3.0,3.0,3.0
2.0,2.0,2.0,2.0,2.0,2.0
5.0,5.0,5.0,5.0,5.0,5.0
4.0,4.0,3.0,4.0,4.0,4.0
1.0,1.0,1.0,1.0,1.0,1.0
2.0,2.0,2.0,3.0,3.0,3.0
3.0,3.0,3.0,3.0,3.0,3.0
5.0,4.0,5.0,4.0,4.0,5.0
4.0,3.0,3.0,3.0,2.0,3.0
1.0,1.0,1.0,1.0,1.0,1.0
4.0,4.0,4.0,4.0,4.0,4.0
5.0,5.0,5.0,5.0,4.0,5.0
3.0,2.0,2.0,2.0,2.0,2.0
3.0,3.0,3.0,3.0,3.0,3.0
4.0,4.0,4.0,4.0,3.0,4.0
3.0,3.0,3.0,3.0,4.0,4.0
1.0,1.0,1.0,1.0,1.0,1.0
3.0,3.0,3.0,3.0,3.0,3.0
4.0,4.0,4.0,4.0,4.0,4.0
3.0,3.0,3.0,3.0,3.0,3.0
3.0,3.0,2.0,2.0,2.0,2.0
2.0,2.0,2.0,2.0,1.0,2.0
3.0,3.0,3.0,3.0,3.0,3.0
4.0,4.0,4.0,4.0,4.0,4.0
4.0,4.0,4.0,4.0,4.0,4.0
2.0,2.0,2.0,2.0,2.0,2.0
2.0,3.0,2.0,3.0,3.0,2.0
4.0,4.0,4.0,4.0,4.0,4.0
4.0,4.0,2.0,4.0,4.0,3.0
5.0,5.0,5.0,5.0,5.0,5.0
5.0,5.0,5.0,5.0,4.0,5.0
2.0,2.0,2.0,2.0,2.0,2.0
3.0,3.0,3.0,3.0,4.0,3.0
4.0,4.0,4.0,4.0,4.0,4.0
5.0,4.0,4.0,4.0,4.0,4.0
1.0,1.0,1.0,1.0,1.0,1.0
1.0,1.0,1.0,1.0,1.0,1.0
1.0,1.0,1.0,1.0,1.0,1.0
3.0,2.0,3.0,2.0,2.0,3.0
5.0,5.0,5.0,5.0,5.0,5.0
3.0,3.0,3.0,3.0,3.0,3.0
2.0,3.0,3.0,3.0,2.0,3.0
4.0,4.0,4.0,4.0,4.0,4.0
4.0,4.0,4.0,4.0,4.0,4.0
3.0,3.0,3.0,3.0,3.0,3.0
3.0,4.0,3.0,3.0,4.0,3.0
3.0,3.0,3.0,3.0,3.0,3.0
3.0,3.0,3.0,3.0,3.0,3.0
3.0,3.0,3.0,3.0,2.0,3.0
4.0,4.0,4.0,3.0,3.0,4.0
4.0,4.0,4.0,4.0,4.0,4.0
4.0,4.0,4.0,4.0,4.0,4.0
3.0,3.0,2.0,3.0,2.0,3.0
2.0,2.0,2.0,2.0,1.0,2.0
4.0,4.0,4.0,4.0,4.0,4.0
3.0,3.0,3.0,3.0,2.0,2.0
3.0,4.0,3.0,3.0,4.0,4.0
3.0,3.0,3.0,4.0,3.0,3.0
4.0,5.0,4.0,5.0,4.0,4.0
4.0,4.0,3.0,3.0,2.0,3.0
1.0,1.0,2.0,1.0,1.0,1.0
3.0,3.0,2.0,2.0,2.0,3.0
1.0,1.0,1.0,1.0,1.0,1.0
4.0,4.0,4.0,4.0,5.0,4.0
3.0,4.0,3.0,3.0,3.0,4.0
4.0,4.0,4.0,4.0,4.0,4.0
3.0,3.0,3.0,4.0,4.0,3.0
4.0,4.0,4.0,4.0,4.0,4.0
3.0,3.0,3.0,3.0,3.0,3.0
2.0,3.0,2.0,3.0,3.0,2.0
3.0,3.0,2.0,2.0,1.0,2.0
3.0,2.0,3.0,2.0,2.0,3.0
4.0,4.0,4.0,4.0,3.0,4.0
1.0,1.0,1.0,1.0,1.0,1.0
1.0,1.0,1.0,1.0,1.0,1.0
2.0,2.0,2.0,3.0,2.0,2.0
2.0,2.0,2.0,2.0,2.0,2.0
3.0,3.0,3.0,3.0,3.0,3.0
4.0,5.0,4.0,5.0,5.0,5.0
5.0,5.0,5.0,5.0,5.0,5.0
4.0,4.0,4.0,4.0,4.0,4.0
3.0,2.0,2.0,2.0,2.0,2.0
4.0,4.0,4.0,4.0,3.0,5.0
4.0,4.0,4.0,4.0,4.0,4.0
4.0,4.0,4.0,4.0,4.0,4.0
4.0,4.0,4.0,4.0,5.0,4.0
3.0,3.0,4.0,3.0,4.0,4.0
4.0,4.0,4.0,4.0,4.0,4.0
1.0,1.0,1.0,1.0,1.0,1.0
4.0,4.0,4.0,4.0,4.0,4.0
2.0,2.0,2.0,1.0,1.0,2.0
2.0,2.0,2.0,2.0,3.0,2.0
4.0,4.0,4.0,4.0,4.0,4.0
4.0,4.0,4.0,4.0,3.0,4.0
4.0,4.0,4.0,4.0,4.0,4.0
1.0,1.0,1.0,1.0,1.0,1.0
3.0,2.0,2.0,1.0,1.0,1.0
5.0,5.0,5.0,5.0,5.0,5.0
4.0,4.0,4.0,4.0,5.0,4.0
2.0,2.0,2.0,2.0,3.0,2.0
1.0,1.0,1.0,1.0,1.0,1.0
2.0,2.0,2.0,2.0,2.0,2.0
2.0,2.0,2.0,2.0,1.0,2.0
4.0,4.0,4.0,4.0,4.0,4.0
4.0,4.0,4.0,4.0,4.0,4.0
3.0,4.0,4.0,5.0,5.0,3.0
3.0,3.0,4.0,4.0,5.0,4.0
1.0,1.0,1.0,1.0,1.0,1.0
1.0,1.0,1.0,1.0,1.0,1.0
4.0,4.0,4.0,4.0,4.0,4.0
4.0,4.0,4.0,4.0,4.0,4.0
5.0,5.0,5.0,5.0,4.0,4.0
2.0,2.0,2.0,2.0,2.0,2.0
4.0,4.0,4.0,4.0,4.0,4.0
4.0,4.0,4.0,4.0,5.0,4.0
2.0,2.0,2.0,2.0,2.0,2.0
4.0,4.0,4.0,4.0,4.0,4.0
5.0,5.0,5.0,5.0,5.0,5.0
1.0,1.0,1.0,1.0,1.0,1.0
2.0,1.0,1.0,1.0,1.0,1.0
4.0,4.0,4.0,4.0,4.0,4.0
1.0,1.0,1.0,1.0,1.0,1.0
2.0,2.0,2.0,2.0,2.0,2.0
3.0,3.0,3.0,4.0,3.0,3.0
5.0,4.0,5.0,5.0,5.0,4.0
4.0,4.0,4.0,4.0,3.0,4.0
3.0,3.0,3.0,3.0,3.0,3.0
2.0,2.0,2.0,2.0,1.0,2.0
1.0,1.0,1.0,1.0,2.0,1.0
4.0,4.0,4.0,4.0,4.0,4.0
5.0,5.0,5.0,4.0,4.0,5.0
2.0,2.0,2.0,2.0,1.0,2.0
1.0,1.0,2.0,1.0,1.0,1.0
4.0,4.0,4.0,4.0,4.0,4.0
2.0,2.0,2.0,2.0,1.0,2.0
4.0,4.0,4.0,4.0,4.0,4.0
3.0,2.0,2.0,3.0,3.0,3.0
4.0,4.0,4.0,4.0,4.0,4.0
4.0,4.0,5.0,4.0,4.0,5.0
4.0,4.0,4.0,4.0,4.0,4.0
3.0,3.0,3.0,3.0,3.0,3.0
4.0,4.0,4.0,4.0,4.0,4.0
2.0,2.0,2.0,2.0,2.0,2.0
1.0,1.0,1.0,1.0,1.0,1.0
1.0,1.0,1.0,1.0,1.0,1.0
4.0,4.0,4.0,4.0,3.0,4.0
3.0,3.0,3.0,3.0,3.0,3.0
4.0,4.0,4.0,4.0,4.0,4.0
4.0,4.0,4.0,5.0,5.0,4.0
5.0,5.0,5.0,5.0,5.0,5.0
3.0,3.0,3.0,3.0,3.0,3.0
4.0,4.0,4.0,4.0,4.0,4.0
3.0,3.0,3.0,3.0,2.0,3.0
4.0,4.0,4.0,4.0,4.0,4.0
3.0,2.0,3.0,2.0,2.0,3.0
5.0,5.0,5.0,5.0,4.0,5.0
4.0,4.0,4.0,4.0,4.0,4.0
1.0,1.0,1.0,1.0,1.0,1.0
1.0,1.0,2.0,1.0,1.0,1.0
2.0,2.0,2.0,2.0,1.0,1.0
4.0,4.0,4.0,4.0,4.0,4.0
3.0,3.0,3.0,3.0,4.0,3.0
2.0,2.0,2.0,2.0,1.0,2.0
3.0,3.0,3.0,3.0,1.0,2.0
4.0,4.0,4.0,4.0,4.0,4.0
4.0,4.0,4.0,4.0,4.0,4.0
1.0,1.0,1.0,1.0,1.0,1.0
2.0,3.0,3.0,3.0,2.0,3.0
2.0,2.0,2.0,1.0,1.0,2.0
5.0,5.0,5.0,5.0,4.0,5.0
5.0,5.0,5.0,5.0,5.0,5.0
2.0,3.0,2.0,3.0,2.0,2.0
4.0,3.0,2.0,3.0,2.0,3.0
4.0,4.0,4.0,4.0,4.0,4.0
2.0,2.0,2.0,1.0,1.0,1.0
3.0,3.0,3.0,3.0,2.0,3.0
4.0,4.0,4.0,4.0,4.0,4.0
3.0,3.0,2.0,3.0,2.0,3.0
4.0,4.0,4.0,4.0,5.0,4.0
1.0,1.0,1.0,1.0,1.0,1.0
1.0,1.0,1.0,1.0,1.0,1.0
4.0,4.0,4.0,4.0,4.0,4.0
4.0,4.0,3.0,4.0,1.0,3.0
4.0,4.0,4.0,4.0,4.0,4.0
3.0,3.0,3.0,3.0,2.0,3.0
4.0,4.0,4.0,4.0,3.0,3.0
4.0,4.0,4.0,4.0,5.0,4.0
5.0,5.0,5.0,5.0,5.0,5.0
1.0,1.0,1.0,1.0,1.0,1.0
4.0,4.0,4.0,4.0,5.0,4.0
4.0,4.0,4.0,4.0,4.0,4.0
5.0,5.0,5.0,5.0,5.0,5.0
4.0,4.0,4.0,4.0,4.0,4.0
3.0,3.0,3.0,3.0,3.0,3.0
2.0,2.0,2.0,2.0,1.0,2.0
4.0,3.0,3.0,3.0,2.0,3.0
4.0,4.0,4.0,4.0,4.0,4.0
4.0,4.0,5.0,5.0,5.0,5.0
2.0,2.0,2.0,2.0,3.0,2.0
3.0,4.0,4.0,3.0,3.0,3.0
4.0,4.0,4.0,4.0,4.0,4.0
3.0,3.0,3.0,3.0,3.0,3.0
3.0,3.0,2.0,2.0,2.0,2.0
4.0,4.0,4.0,3.0,1.0,4.0
4.0,4.0,4.0,4.0,4.0,4.0
4.0,4.0,3.0,4.0,3.0,3.0
3.0,3.0,3.0,3.0,3.0,2.0
4.0,4.0,4.0,4.0,4.0,4.0
4.0,4.0,4.0,4.0,5.0,4.0
4.0,4.0,3.0,3.0,4.0,4.0
1.0,1.0,1.0,1.0,1.0,1.0
4.0,4.0,4.0,4.0,4.0,4.0
3.0,3.0,3.0,3.0,3.0,3.0
4.0,4.0,4.0,4.0,4.0,4.0
4.0,4.0,4.0,4.0,3.0,3.0
3.0,3.0,3.0,3.0,3.0,2.0
1.0,1.0,1.0,1.0,1.0,1.0
5.0,5.0,4.0,4.0,5.0,4.0
3.0,3.0,3.0,3.0,3.0,3.0
4.0,5.0,5.0,5.0,5.0,5.0
3.0,3.0,2.0,3.0,2.0,3.0
1.0,1.0,1.0,1.0,1.0,1.0
3.0,3.0,3.0,3.0,3.0,3.0
4.0,4.0,4.0,4.0,5.0,4.0
4.0,4.0,4.0,4.0,5.0,4.0
3.0,3.0,3.0,3.0,2.0,3.0
2.0,2.0,2.0,2.0,2.0,2.0
4.0,4.0,4.0,4.0,4.0,4.0
3.0,4.0,4.0,4.0,4.0,4.0
3.0,3.0,3.0,3.0,3.0,3.0
3.0,3.0,3.0,3.0,2.0,3.0
2.0,2.0,2.0,2.0,1.0,2.0
4.0,3.0,4.0,4.0,2.0,3.0
4.0,4.0,4.0,4.0,4.0,4.0
5.0,5.0,5.0,5.0,5.0,5.0
3.0,3.0,3.0,3.0,3.0,3.0
4.0,4.0,4.0,4.0,3.0,4.0
1.0,1.0,1.0,1.0,1.0,1.0
4.0,4.0,4.0,4.0,4.0,4.0
1.0,1.0,1.0,1.0,1.0,1.0
3.0,3.0,3.0,3.0,3.0,3.0
5.0,5.0,5.0,5.0,4.0,5.0
2.0,2.0,2.0,3.0,2.0,3.0
4.0,3.0,3.0,3.0,3.0,3.0
2.0,3.0,2.0,2.0,1.0,2.0
4.0,4.0,4.0,4.0,4.0,4.0
5.0,5.0,5.0,5.0,1.0,4.0
3.0,4.0,4.0,4.0,4.0,4.0
1.0,1.0,1.0,1.0,1.0,1.0
2.0,2.0,2.0,2.0,1.0,2.0
4.0,4.0,4.0,4.0,3.0,4.0
3.0,3.0,2.0,3.0,4.0,3.0
1.0,1.0,1.0,1.0,1.0,1.0
1.0,1.0,1.0,1.0,1.0,1.0
2.0,2.0,2.0,2.0,1.0,2.0
4.0,4.0,4.0,4.0,4.0,4.0
4.0,4.0,4.0,4.0,4.0,4.0
4.0,3.0,4.0,3.0,3.0,3.0
2.0,2.0,2.0,3.0,2.0,2.0
4.0,4.0,3.0,4.0,3.0,3.0
3.0,3.0,3.0,3.0,4.0,3.0
2.0,1.0,2.0,2.0,1.0,1.0
4.0,4.0,4.0,4.0,4.0,4.0
4.0,4.0,4.0,4.0,4.0,4.0
3.0,2.0,2.0,2.0,2.0,3.0
3.0,3.0,3.0,3.0,2.0,3.0
1.0,1.0,1.0,1.0,1.0,1.0
3.0,3.0,2.0,3.0,3.0,2.0
4.0,4.0,4.0,4.0,4.0,4.0
2.0,3.0,3.0,2.0,2.0,2.0
3.0,3.0,3.0,3.0,3.0,3.0
4.0,3.0,3.0,1.0,1.0,3.0
2.0,2.0,2.0,2.0,2.0,2.0
2.0,3.0,3.0,3.0,3.0,3.0
4.0,4.0,3.0,4.0,4.0,4.0
3.0,3.0,3.0,3.0,2.0,3.0
4.0,4.0,4.0,4.0,4.0,4.0
3.0,3.0,3.0,3.0,3.0,3.0
4.0,4.0,4.0,4.0,4.0,4.0
5.0,5.0,5.0,4.0,4.0,4.0
3.0,3.0,3.0,3.0,3.0,3.0
4.0,4.0,4.0,4.0,3.0,3.0
4.0,4.0,4.0,4.0,4.0,4.0
4.0,4.0,4.0,4.0,4.0,4.0
4.0,4.0,4.0,4.0,4.0,4.0
1.0,1.0,2.0,1.0,1.0,1.0
2.0,2.0,2.0,2.0,1.0,2.0
2.0,2.0,2.0,2.0,2.0,2.0
4.0,4.0,4.0,4.0,4.0,4.0
4.0,3.0,3.0,3.0,2.0,3.0
1.0,1.0,1.0,1.0,1.0,1.0
4.0,4.0,4.0,4.0,5.0,4.0
4.0,4.0,4.0,4.0,4.0,4.0
1.0,1.0,1.0,1.0,1.0,1.0
3.0,3.0,3.0,4.0,3.0,3.0
3.0,4.0,3.0,4.0,5.0,4.0
3.0,3.0,3.0,3.0,3.0,3.0
4.0,4.0,4.0,4.0,4.0,4.0
4.0,4.0,4.0,4.0,3.0,4.0
2.0,1.0,2.0,3.0,2.0,1.0
4.0,4.0,4.0,4.0,4.0,4.0
3.0,3.0,3.0,3.0,4.0,3.0
2.0,1.0,2.0,1.0,2.0,1.0
2.0,2.0,2.0,2.0,2.0,2.0
4.0,4.0,4.0,3.0,3.0,4.0
3.0,3.0,3.0,3.0,3.0,3.0
4.0,4.0,4.0,4.0,5.0,4.0
4.0,4.0,3.0,4.0,4.0,4.0
3.0,3.0,3.0,3.0,3.0,3.0
4.0,4.0,4.0,4.0,4.0,4.0
2.0,2.0,2.0,2.0,2.0,2.0
4.0,4.0,4.0,4.0,4.0,4.0
3.0,3.0,3.0,3.0,3.0,3.0
4.0,4.0,4.0,3.0,3.0,4.0
4.0,4.0,4.0,4.0,4.0,4.0
2.0,2.0,2.0,2.0,2.0,2.0
4.0,4.0,4.0,4.0,4.0,4.0
4.0,4.0,4.0,4.0,4.0,4.0
2.0,2.0,2.0,2.0,3.0,2.0
1.0,1.0,1.0,1.0,1.0,1.0
3.0,3.0,3.0,3.0,3.0,3.0
3.0,3.0,3.0,3.0,3.0,3.0
4.0,4.0,3.0,4.0,2.0,3.0
4.0,4.0,4.0,4.0,4.0,4.0
2.0,2.0,2.0,1.0,1.0,1.0
4.0,4.0,4.0,3.0,4.0,4.0
1.0,1.0,1.0,1.0,1.0,1.0
2.0,2.0,2.0,2.0,1.0,2.0
4.0,4.0,4.0,4.0,4.0,4.0
2.0,2.0,2.0,2.0,1.0,2.0
4.0,4.0,4.0,4.0,4.0,4.0
4.0,4.0,4.0,4.0,4.0,4.0
1.0,1.0,1.0,1.0,1.0,1.0
4.0,5.0,4.0,4.0,5.0,4.0
3.0,3.0,3.0,3.0,3.0,3.0
3.0,3.0,3.0,3.0,3.0,3.0
4.0,4.0,4.0,4.0,5.0,4.0
4.0,4.0,4.0,4.0,4.0,4.0
2.0,2.0,2.0,2.0,1.0,2.0
1.0,1.0,1.0,1.0,1.0,1.0
4.0,4.0,4.0,4.0,4.0,4.0
4.0,4.0,4.0,4.0,4.0,4.0
2.0,2.0,2.0,2.0,2.0,2.0
4.0,4.0,4.0,4.0,3.0,3.0
4.0,4.0,4.0,4.0,3.0,4.0
2.0,2.0,2.0,2.0,1.0,1.0
2.0,2.0,2.0,2.0,2.0,2.0
4.0,4.0,4.0,4.0,4.0,4.0
3.0,3.0,3.0,3.0,3.0,3.0
4.0,3.0,4.0,4.0,4.0,3.0
3.0,3.0,3.0,3.0,3.0,3.0
4.0,4.0,4.0,4.0,4.0,4.0
3.0,3.0,3.0,3.0,3.0,3.0
4.0,4.0,4.0,3.0,4.0,3.0
2.0,2.0,2.0,2.0,2.0,2.0
2.0,2.0,2.0,2.0,1.0,2.0
2.0,2.0,2.0,2.0,1.0,2.0
5.0,5.0,5.0,5.0,5.0,5.0
3.0,3.0,3.0,4.0,3.0,3.0
4.0,4.0,4.0,4.0,4.0,4.0
4.0,4.0,4.0,4.0,4.0,4.0
4.0,4.0,4.0,4.0,4.0,4.0
3.0,3.0,3.0,3.0,3.0,3.0
3.0,4.0,3.0,4.0,3.0,3.0
1.0,1.0,1.0,1.0,1.0,1.0
5.0,4.0,5.0,5.0,5.0,4.0
3.0,3.0,3.0,2.0,3.0,1.0
2.0,2.0,2.0,1.0,1.0,2.0
3.0,3.0,4.0,4.0,4.0,4.0
1.0,2.0,1.0,3.0,1.0,1.0
3.0,4.0,4.0,4.0,4.0,4.0
4.0,4.0,4.0,4.0,5.0,4.0
4.0,4.0,4.0,4.0,4.0,4.0
4.0,4.0,4.0,4.0,4.0,4.0
1.0,1.0,1.0,1.0,1.0,1.0
2.0,2.0,2.0,1.0,1.0,1.0
2.0,2.0,2.0,2.0,2.0,2.0
4.0,4.0,4.0,4.0,4.0,4.0
4.0,4.0,4.0,4.0,4.0,4.0
3.0,3.0,2.0,2.0,2.0,2.0
3.0,3.0,3.0,4.0,4.0,3.0
3.0,3.0,3.0,4.0,4.0,4.0
3.0,3.0,3.0,3.0,2.0,2.0
3.0,3.0,3.0,4.0,3.0,3.0
4.0,4.0,4.0,4.0,4.0,4.0
4.0,4.0,4.0,4.0,4.0,4.0
2.0,2.0,2.0,3.0,3.0,2.0
4.0,4.0,4.0,4.0,4.0,4.0
3.0,4.0,4.0,4.0,4.0,3.0
4.0,4.0,4.0,4.0,4.0,4.0
2.0,2.0,2.0,2.0,2.0,2.0
2.0,2.0,2.0,2.0,3.0,2.0
4.0,4.0,4.0,4.0,5.0,4.0
3.0,3.0,3.0,3.0,3.0,2.0
2.0,2.0,2.0,2.0,1.0,2.0
3.0,2.0,2.0,3.0,3.0,2.0
4.0,4.0,4.0,4.0,3.0,3.0
3.0,3.0,3.0,3.0,3.0,3.0
3.0,4.0,3.0,3.0,3.0,3.0
3.0,3.0,3.0,3.0,3.0,3.0
2.0,2.0,2.0,2.0,1.0,2.0
2.0,2.0,2.0,2.0,1.0,2.0
3.0,3.0,2.0,3.0,3.0,3.0
3.0,3.0,3.0,3.0,2.0,3.0
2.0,2.0,2.0,1.0,1.0,1.0
2.0,2.0,2.0,2.0,2.0,2.0
3.0,3.0,3.0,3.0,1.0,2.0
3.0,3.0,2.0,2.0,1.0,3.0
2.0,2.0,2.0,2.0,2.0,2.0
4.0,3.0,4.0,3.0,3.0,3.0
4.0,4.0,4.0,4.0,3.0,4.0
2.0,2.0,2.0,2.0,1.0,2.0
1.0,1.0,1.0,1.0,1.0,1.0
3.0,3.0,3.0,3.0,3.0,3.0
,,,,,
4.0,4.0,4.0,4.0,4.0,4.0
4.0,4.0,4.0,4.0,4.0,4.0
5.0,4.0,4.0,5.0,5.0,4.0
1.0,1.0,1.0,1.0,1.0,1.0
4.0,4.0,4.0,4.0,4.0,4.0
4.0,4.0,4.0,5.0,5.0,5.0
1.0,1.0,1.0,1.0,1.0,1.0
4.0,4.0,4.0,4.0,4.0,4.0
3.0,3.0,3.0,3.0,3.0,3.0
2.0,2.0,2.0,2.0,2.0,2.0
3.0,3.0,3.0,3.0,3.0,3.0
3.0,3.0,3.0,3.0,3.0,3.0
2.0,2.0,2.0,1.0,2.0,2.0
2.0,2.0,2.0,2.0,3.0,2.0
4.0,4.0,4.0,4.0,4.0,4.0
2.0,3.0,2.0,3.0,3.0,3.0
1.0,1.0,1.0,1.0,1.0,1.0
5.0,5.0,5.0,4.0,5.0,5.0
4.0,4.0,4.0,4.0,4.0,4.0
3.0,4.0,3.0,3.0,3.0,3.0
4.0,3.0,3.0,3.0,2.0,2.0
5.0,5.0,5.0,5.0,4.0,4.0
5.0,5.0,4.0,5.0,4.0,5.0
1.0,1.0,1.0,1.0,1.0,1.0
3.0,3.0,3.0,4.0,3.0,3.0
4.0,4.0,5.0,4.0,4.0,4.0
3.0,3.0,3.0,2.0,2.0,2.0
3.0,3.0,3.0,3.0,3.0,3.0
4.0,4.0,4.0,5.0,5.0,4.0
1.0,1.0,1.0,1.0,1.0,1.0
3.0,3.0,3.0,3.0,3.0,3.0
4.0,5.0,4.0,5.0,5.0,4.0
1.0,1.0,1.0,1.0,1.0,1.0
5.0,5.0,4.0,5.0,5.0,5.0
3.0,4.0,4.0,4.0,3.0,3.0
3.0,3.0,4.0,4.0,5.0,4.0
4.0,4.0,4.0,4.0,4.0,4.0
4.0,4.0,4.0,4.0,4.0,4.0
1.0,1.0,1.0,1.0,1.0,1.0
4.0,4.0,4.0,5.0,5.0,4.0
3.0,4.0,3.0,4.0,3.0,3.0
3.0,3.0,3.0,3.0,3.0,3.0
4.0,4.0,4.0,4.0,4.0,4.0
4.0,4.0,4.0,4.0,5.0,4.0
4.0,4.0,4.0,4.0,4.0,4.0
1.0,1.0,1.0,1.0,1.0,1.0
4.0,4.0,4.0,4.0,4.0,4.0
2.0,2.0,2.0,2.0,1.0,3.0
3.0,3.0,3.0,3.0,3.0,3.0
4.0,4.0,4.0,4.0,4.0,3.0
3.0,3.0,2.0,3.0,3.0,3.0
3.0,3.0,3.0,3.0,3.0,3.0
4.0,4.0,4.0,4.0,5.0,4.0
1.0,2.0,1.0,1.0,1.0,1.0
4.0,4.0,4.0,4.0,4.0,4.0
3.0,4.0,4.0,4.0,3.0,4.0
3.0,3.0,3.0,3.0,2.0,3.0
3.0,4.0,4.0,4.0,3.0,4.0
4.0,4.0,4.0,4.0,4.0,4.0
2.0,2.0,2.0,1.0,1.0,1.0
4.0,4.0,4.0,4.0,4.0,4.0
2.0,2.0,2.0,2.0,1.0,2.0
4.0,4.0,4.0,4.0,4.0,4.0
4.0,4.0,4.0,5.0,5.0,4.0
2.0,2.0,2.0,2.0,1.0,2.0
1.0,1.0,1.0,1.0,1.0,1.0
4.0,4.0,4.0,4.0,4.0,4.0
2.0,2.0,2.0,2.0,2.0,2.0
3.0,3.0,3.0,3.0,3.0,3.0
3.0,4.0,4.0,4.0,4.0,4.0
4.0,4.0,4.0,4.0,4.0,4.0
4.0,4.0,4.0,4.0,4.0,4.0
4.0,4.0,4.0,4.0,4.0,4.0
3.0,3.0,3.0,3.0,3.0,3.0
1.0,1.0,1.0,1.0,1.0,1.0
1.0,2.0,2.0,2.0,1.0,3.0
4.0,4.0,4.0,4.0,4.0,4.0
3.0,2.0,2.0,3.0,3.0,2.0
5.0,5.0,5.0,5.0,5.0,5.0
1.0,1.0,1.0,1.0,1.0,1.0
4.0,4.0,4.0,4.0,4.0,4.0
5.0,5.0,5.0,5.0,4.0,5.0
4.0,4.0,4.0,4.0,3.0,4.0
4.0,4.0,4.0,4.0,4.0,4.0
4.0,4.0,4.0,4.0,4.0,4.0
3.0,3.0,2.0,3.0,2.0,2.0
5.0,5.0,5.0,5.0,5.0,5.0
3.0,3.0,3.0,3.0,3.0,3.0
2.0,2.0,2.0,2.0,2.0,2.0
2.0,2.0,2.0,2.0,1.0,2.0
4.0,4.0,5.0,4.0,5.0,5.0
4.0,4.0,4.0,4.0,4.0,4.0
2.0,2.0,2.0,1.0,2.0,1.0
3.0,3.0,3.0,3.0,3.0,3.0
4.0,4.0,4.0,4.0,4.0,4.0
4.0,4.0,4.0,4.0,4.0,4.0
4.0,4.0,4.0,4.0,5.0,4.0
3.0,3.0,3.0,4.0,3.0,3.0
3.0,3.0,3.0,3.0,3.0,3.0
3.0,3.0,3.0,3.0,3.0,3.0
2.0,2.0,2.0,3.0,3.0,2.0
2.0,2.0,2.0,2.0,1.0,1.0
4.0,4.0,4.0,4.0,4.0,5.0
2.0,2.0,3.0,2.0,1.0,3.0
4.0,4.0,4.0,4.0,4.0,4.0
4.0,4.0,4.0,4.0,4.0,4.0
3.0,3.0,3.0,3.0,3.0,2.0
4.0,4.0,4.0,4.0,3.0,4.0
4.0,4.0,4.0,4.0,4.0,4.0
4.0,4.0,4.0,4.0,4.0,4.0
2.0,2.0,2.0,2.0,2.0,2.0
4.0,4.0,4.0,4.0,5.0,4.0
4.0,4.0,4.0,4.0,4.0,4.0
4.0,4.0,4.0,4.0,4.0,4.0
4.0,4.0,4.0,4.0,4.0,4.0
1.0,1.0,1.0,1.0,1.0,1.0
4.0,4.0,4.0,4.0,3.0,4.0
4.0,4.0,4.0,4.0,4.0,4.0
4.0,4.0,4.0,4.0,3.0,4.0
3.0,3.0,3.0,3.0,3.0,3.0
4.0,4.0,4.0,4.0,4.0,4.0
1.0,1.0,1.0,1.0,1.0,1.0
4.0,4.0,4.0,4.0,4.0,4.0
4.0,4.0,4.0,4.0,3.0,4.0
4.0,4.0,4.0,4.0,5.0,4.0
4.0,4.0,4.0,4.0,3.0,4.0
3.0,3.0,3.0,3.0,3.0,3.0
2.0,2.0,2.0,2.0,1.0,2.0
4.0,4.0,4.0,4.0,4.0,3.0
1.0,2.0,2.0,1.0,1.0,1.0
3.0,3.0,3.0,2.0,2.0,2.0
3.0,3.0,3.0,3.0,3.0,3.0
4.0,4.0,4.0,4.0,4.0,4.0
4.0,4.0,4.0,4.0,4.0,4.0
1.0,1.0,1.0,1.0,1.0,1.0
4.0,5.0,4.0,4.0,5.0,5.0
4.0,3.0,4.0,4.0,1.0,2.0
4.0,4.0,5.0,5.0,5.0,5.0
4.0,4.0,4.0,4.0,3.0,4.0
2.0,2.0,2.0,2.0,2.0,1.0
4.0,4.0,4.0,4.0,4.0,4.0
4.0,4.0,5.0,4.0,4.0,4.0
3.0,3.0,3.0,3.0,3.0,3.0
4.0,4.0,4.0,4.0,4.0,4.0
4.0,4.0,4.0,4.0,4.0,4.0
2.0,2.0,2.0,1.0,1.0,1.0
4.0,4.0,4.0,4.0,4.0,4.0
4.0,4.0,4.0,4.0,4.0,4.0
3.0,3.0,3.0,3.0,2.0,3.0
1.0,1.0,1.0,1.0,1.0,1.0
1.0,1.0,1.0,1.0,1.0,1.0
3.0,3.0,2.0,3.0,2.0,2.0
3.0,3.0,3.0,3.0,2.0,3.0
4.0,4.0,4.0,4.0,4.0,4.0
3.0,3.0,2.0,3.0,3.0,3.0
4.0,4.0,4.0,4.0,4.0,4.0
2.0,2.0,2.0,2.0,1.0,2.0
4.0,4.0,4.0,4.0,4.0,4.0
2.0,2.0,2.0,2.0,2.0,2.0
4.0,4.0,4.0,4.0,5.0,4.0
4.0,4.0,4.0,4.0,4.0,4.0
3.0,4.0,3.0,3.0,4.0,3.0
3.0,3.0,3.0,4.0,3.0,4.0
1.0,1.0,1.0,1.0,1.0,1.0
2.0,2.0,2.0,3.0,3.0,3.0
4.0,4.0,4.0,4.0,4.0,4.0
4.0,4.0,4.0,3.0,3.0,3.0
2.0,2.0,2.0,2.0,1.0,2.0
4.0,4.0,4.0,5.0,5.0,4.0
4.0,4.0,4.0,4.0,4.0,4.0
3.0,3.0,3.0,3.0,3.0,3.0
5.0,5.0,5.0,5.0,5.0,5.0
1.0,1.0,1.0,1.0,1.0,1.0
4.0,4.0,4.0,4.0,4.0,4.0
3.0,3.0,3.0,3.0,2.0,3.0
2.0,2.0,2.0,2.0,2.0,2.0
1.0,1.0,1.0,1.0,1.0,1.0
3.0,3.0,2.0,2.0,3.0,2.0
3.0,2.0,3.0,3.0,3.0,3.0
2.0,2.0,2.0,1.0,1.0,2.0
4.0,5.0,4.0,5.0,4.0,5.0
3.0,3.0,3.0,3.0,4.0,3.0
4.0,4.0,4.0,4.0,4.0,4.0
2.0,2.0,2.0,2.0,2.0,2.0
4.0,3.0,4.0,4.0,3.0,4.0
4.0,4.0,4.0,4.0,4.0,4.0
4.0,4.0,4.0,4.0,4.0,4.0
3.0,3.0,3.0,3.0,2.0,2.0
2.0,2.0,2.0,2.0,2.0,2.0
4.0,4.0,4.0,4.0,4.0,5.0
2.0,3.0,3.0,3.0,3.0,3.0
1.0,1.0,1.0,1.0,1.0,1.0
2.0,2.0,2.0,2.0,2.0,2.0
4.0,4.0,4.0,4.0,4.0,4.0
2.0,2.0,2.0,2.0,1.0,2.0
1.0,1.0,1.0,1.0,1.0,1.0
2.0,2.0,2.0,2.0,2.0,2.0
2.0,3.0,3.0,3.0,3.0,3.0
3.0,3.0,3.0,3.0,2.0,3.0
4.0,4.0,3.0,4.0,3.0,4.0
2.0,2.0,2.0,2.0,2.0,2.0
4.0,4.0,4.0,4.0,3.0,4.0
4.0,4.0,4.0,4.0,4.0,4.0
5.0,5.0,5.0,5.0,5.0,5.0
3.0,3.0,3.0,2.0,2.0,3.0
3.0,3.0,3.0,3.0,3.0,3.0
1.0,1.0,1.0,1.0,1.0,1.0
2.0,2.0,2.0,2.0,2.0,2.0
1.0,1.0,1.0,1.0,1.0,1.0
2.0,2.0,2.0,2.0,2.0,2.0
4.0,4.0,4.0,4.0,4.0,4.0
3.0,3.0,3.0,3.0,2.0,3.0
1.0,1.0,1.0,1.0,1.0,1.0
3.0,2.0,3.0,3.0,3.0,3.0
3.0,3.0,3.0,3.0,3.0,3.0
4.0,4.0,4.0,4.0,4.0,4.0
2.0,2.0,2.0,2.0,2.0,2.0
1.0,1.0,1.0,1.0,1.0,1.0
4.0,4.0,4.0,4.0,4.0,4.0
3.0,4.0,4.0,4.0,3.0,3.0
3.0,3.0,3.0,3.0,3.0,4.0
2.0,2.0,2.0,2.0,2.0,2.0
4.0,4.0,4.0,4.0,4.0,4.0
1.0,1.0,1.0,1.0,1.0,1.0
4.0,4.0,4.0,4.0,4.0,4.0
3.0,3.0,3.0,3.0,3.0,3.0
2.0,2.0,2.0,2.0,2.0,2.0
4.0,4.0,4.0,4.0,5.0,4.0
3.0,3.0,3.0,3.0,3.0,3.0
3.0,3.0,3.0,3.0,4.0,3.0
5.0,5.0,5.0,5.0,5.0,5.0
3.0,3.0,3.0,3.0,3.0,3.0
4.0,4.0,4.0,4.0,5.0,4.0
4.0,5.0,4.0,4.0,5.0,5.0
3.0,3.0,3.0,3.0,3.0,3.0
4.0,4.0,4.0,4.0,4.0,4.0
4.0,4.0,4.0,4.0,3.0,3.0
3.0,3.0,3.0,3.0,2.0,3.0
2.0,2.0,2.0,2.0,2.0,2.0
2.0,2.0,2.0,2.0,1.0,1.0
4.0,4.0,4.0,4.0,4.0,4.0
3.0,3.0,3.0,4.0,3.0,3.0
2.0,2.0,2.0,2.0,1.0,2.0
3.0,3.0,3.0,2.0,2.0,3.0
4.0,4.0,4.0,4.0,4.0,4.0
3.0,3.0,3.0,3.0,3.0,3.0
4.0,3.0,4.0,4.0,4.0,4.0
4.0,4.0,4.0,4.0,4.0,4.0
4.0,4.0,4.0,5.0,5.0,4.0
4.0,4.0,4.0,4.0,4.0,4.0
3.0,3.0,2.0,1.0,1.0,3.0
4.0,4.0,4.0,5.0,4.0,5.0
4.0,4.0,4.0,4.0,4.0,4.0
2.0,2.0,2.0,2.0,2.0,2.0
4.0,4.0,5.0,5.0,4.0,4.0
2.0,2.0,2.0,2.0,3.0,2.0
3.0,3.0,3.0,3.0,3.0,3.0
4.0,4.0,4.0,4.0,5.0,4.0
4.0,4.0,4.0,4.0,4.0,4.0
4.0,4.0,4.0,4.0,4.0,4.0
3.0,3.0,3.0,4.0,4.0,4.0
4.0,4.0,4.0,4.0,5.0,4.0
4.0,3.0,4.0,4.0,3.0,3.0
1.0,1.0,1.0,1.0,1.0,1.0
4.0,4.0,4.0,4.0,4.0,4.0
4.0,4.0,4.0,4.0,5.0,4.0
3.0,4.0,4.0,4.0,4.0,4.0
4.0,4.0,4.0,4.0,4.0,4.0
2.0,2.0,2.0,2.0,2.0,2.0
3.0,3.0,3.0,3.0,4.0,3.0
3.0,2.0,2.0,1.0,1.0,2.0
1.0,1.0,1.0,1.0,1.0,1.0
4.0,4.0,4.0,4.0,4.0,4.0
3.0,3.0,3.0,3.0,3.0,3.0
3.0,3.0,3.0,2.0,2.0,3.0
3.0,3.0,4.0,4.0,4.0,3.0
4.0,4.0,4.0,4.0,5.0,4.0
2.0,2.0,2.0,2.0,1.0,2.0
4.0,4.0,4.0,4.0,4.0,4.0
2.0,2.0,1.0,2.0,1.0,1.0
4.0,4.0,4.0,4.0,4.0,4.0
4.0,4.0,4.0,4.0,3.0,3.0
2.0,2.0,2.0,2.0,1.0,2.0
4.0,4.0,4.0,4.0,4.0,4.0
4.0,4.0,4.0,4.0,4.0,4.0
2.0,2.0,2.0,1.0,1.0,2.0
1.0,2.0,1.0,2.0,2.0,1.0
3.0,3.0,3.0,3.0,3.0,3.0
4.0,4.0,4.0,5.0,4.0,4.0
4.0,4.0,4.0,4.0,4.0,4.0
2.0,2.0,2.0,2.0,1.0,2.0
3.0,4.0,3.0,3.0,3.0,3.0
3.0,3.0,3.0,3.0,2.0,3.0
2.0,2.0,2.0,2.0,1.0,2.0
4.0,4.0,4.0,4.0,4.0,4.0
1.0,1.0,1.0,1.0,1.0,1.0
3.0,3.0,3.0,3.0,3.0,3.0
2.0,1.0,2.0,2.0,2.0,2.0
3.0,3.0,3.0,3.0,3.0,3.0
4.0,3.0,4.0,3.0,4.0,3.0
4.0,4.0,4.0,5.0,5.0,4.0
2.0,2.0,2.0,1.0,1.0,1.0
3.0,3.0,3.0,3.0,3.0,3.0
5.0,4.0,5.0,5.0,4.0,5.0
3.0,3.0,3.0,3.0,3.0,3.0
4.0,4.0,4.0,4.0,4.0,4.0
3.0,3.0,3.0,3.0,3.0,3.0
3.0,3.0,3.0,3.0,3.0,3.0
4.0,4.0,4.0,4.0,3.0,4.0
3.0,3.0,3.0,3.0,3.0,4.0
3.0,3.0,3.0,3.0,3.0,3.0
4.0,4.0,4.0,4.0,3.0,4.0
3.0,3.0,3.0,3.0,3.0,3.0
3.0,3.0,3.0,3.0,2.0,3.0
3.0,3.0,3.0,4.0,3.0,3.0
4.0,4.0,4.0,4.0,4.0,4.0
5.0,5.0,4.0,5.0,4.0,4.0
3.0,3.0,3.0,3.0,3.0,3.0
2.0,3.0,3.0,2.0,2.0,3.0
4.0,4.0,4.0,4.0,5.0,4.0
4.0,4.0,4.0,4.0,4.0,4.0
4.0,4.0,4.0,4.0,3.0,4.0
4.0,3.0,3.0,3.0,2.0,3.0
3.0,4.0,4.0,3.0,4.0,3.0
4.0,3.0,3.0,3.0,3.0,3.0
4.0,4.0,4.0,4.0,3.0,3.0
1.0,1.0,1.0,1.0,1.0,1.0
5.0,5.0,5.0,5.0,5.0,5.0
2.0,2.0,2.0,3.0,2.0,2.0
3.0,3.0,3.0,3.0,1.0,4.0
3.0,4.0,3.0,3.0,4.0,3.0
4.0,4.0,4.0,4.0,3.0,4.0
3.0,3.0,2.0,2.0,3.0,2.0
3.0,4.0,4.0,4.0,4.0,4.0
2.0,1.0,2.0,2.0,1.0,2.0
3.0,3.0,3.0,3.0,3.0,3.0
2.0,1.0,1.0,1.0,1.0,1.0
4.0,4.0,4.0,4.0,4.0,4.0
3.0,3.0,2.0,3.0,3.0,3.0
4.0,4.0,3.0,3.0,3.0,3.0
4.0,4.0,4.0,4.0,5.0,4.0
4.0,3.0,3.0,4.0,3.0,3.0
3.0,3.0,3.0,3.0,3.0,3.0
2.0,2.0,2.0,2.0,2.0,2.0
4.0,4.0,4.0,4.0,4.0,4.0
4.0,4.0,3.0,4.0,4.0,4.0
4.0,4.0,4.0,4.0,4.0,4.0
2.0,2.0,2.0,2.0,2.0,2.0
4.0,4.0,4.0,4.0,4.0,4.0
3.0,3.0,3.0,3.0,3.0,3.0
4.0,3.0,4.0,4.0,3.0,4.0
4.0,4.0,4.0,4.0,4.0,4.0
4.0,4.0,4.0,4.0,4.0,4.0
1.0,1.0,1.0,1.0,1.0,1.0
3.0,3.0,3.0,3.0,3.0,3.0
5.0,5.0,5.0,5.0,5.0,5.0
2.0,2.0,2.0,2.0,1.0,2.0
1.0,1.0,1.0,1.0,1.0,1.0
4.0,4.0,4.0,4.0,4.0,3.0
4.0,4.0,4.0,4.0,4.0,4.0
4.0,4.0,4.0,4.0,3.0,4.0
3.0,3.0,3.0,4.0,5.0,3.0
4.0,4.0,4.0,4.0,4.0,5.0
1.0,1.0,1.0,1.0,1.0,1.0
5.0,5.0,5.0,5.0,5.0,5.0
2.0,2.0,2.0,2.0,1.0,2.0
3.0,4.0,4.0,4.0,3.0,3.0
3.0,3.0,3.0,3.0,3.0,2.0
3.0,3.0,4.0,3.0,3.0,3.0
2.0,2.0,3.0,2.0,2.0,3.0
3.0,3.0,3.0,3.0,3.0,3.0
2.0,2.0,2.0,2.0,1.0,2.0
4.0,4.0,4.0,4.0,5.0,4.0
4.0,4.0,4.0,4.0,5.0,4.0
2.0,2.0,2.0,3.0,2.0,2.0
3.0,3.0,3.0,3.0,3.0,3.0
3.0,3.0,2.0,2.0,2.0,2.0
3.0,3.0,3.0,2.0,2.0,3.0
4.0,4.0,4.0,4.0,4.0,4.0
4.0,4.0,4.0,4.0,3.0,4.0
4.0,4.0,4.0,4.0,5.0,4.0
1.0,1.0,2.0,1.0,1.0,1.0
3.0,2.0,2.0,2.0,2.0,3.0
3.0,3.0,4.0,3.0,2.0,3.0
1.0,2.0,1.0,1.0,1.0,1.0
2.0,2.0,2.0,3.0,3.0,2.0
4.0,4.0,4.0,4.0,4.0,4.0
3.0,3.0,3.0,4.0,3.0,3.0
3.0,2.0,2.0,2.0,2.0,2.0
4.0,4.0,4.0,4.0,4.0,4.0
5.0,4.0,4.0,5.0,5.0,5.0
3.0,3.0,3.0,3.0,2.0,3.0
2.0,2.0,2.0,2.0,2.0,2.0
2.0,2.0,2.0,2.0,1.0,1.0
3.0,2.0,2.0,2.0,2.0,2.0
4.0,4.0,3.0,4.0,2.0,4.0
4.0,4.0,4.0,4.0,4.0,4.0
1.0,1.0,1.0,1.0,1.0,1.0
4.0,4.0,4.0,4.0,4.0,4.0
3.0,3.0,3.0,3.0,3.0,3.0
1.0,1.0,1.0,1.0,1.0,1.0
1.0,1.0,1.0,1.0,1.0,1.0
4.0,4.0,4.0,4.0,4.0,3.0
2.0,2.0,2.0,2.0,1.0,2.0
2.0,2.0,2.0,2.0,2.0,2.0
2.0,2.0,2.0,3.0,3.0,2.0
1.0,1.0,1.0,1.0,1.0,1.0
3.0,3.0,3.0,3.0,2.0,3.0
3.0,3.0,2.0,3.0,3.0,2.0
1.0,1.0,1.0,1.0,1.0,1.0
4.0,4.0,4.0,4.0,3.0,4.0
4.0,4.0,3.0,4.0,4.0,4.0
4.0,4.0,4.0,4.0,4.0,4.0
4.0,4.0,5.0,4.0,5.0,5.0
4.0,4.0,4.0,5.0,5.0,4.0
2.0,2.0,2.0,2.0,2.0,2.0
4.0,4.0,4.0,4.0,4.0,4.0
2.0,2.0,2.0,3.0,3.0,2.0
4.0,4.0,4.0,4.0,4.0,4.0
4.0,4.0,4.0,4.0,4.0,4.0
1.0,1.0,1.0,1.0,1.0,1.0
3.0,3.0,3.0,3.0,3.0,3.0
4.0,4.0,4.0,4.0,4.0,4.0
4.0,4.0,4.0,4.0,4.0,4.0
4.0,4.0,4.0,4.0,4.0,4.0
3.0,4.0,3.0,3.0,4.0,3.0
3.0,3.0,3.0,4.0,1.0,4.0
1.0,1.0,1.0,1.0,1.0,1.0
3.0,3.0,3.0,3.0,3.0,3.0
4.0,4.0,4.0,4.0,4.0,4.0
3.0,3.0,4.0,4.0,4.0,4.0
1.0,1.0,1.0,1.0,1.0,1.0
4.0,4.0,4.0,4.0,4.0,4.0
3.0,3.0,3.0,4.0,3.0,4.0
2.0,2.0,2.0,2.0,1.0,2.0
4.0,4.0,4.0,4.0,4.0,4.0
3.0,3.0,3.0,3.0,3.0,3.0
2.0,2.0,2.0,2.0,2.0,2.0
1.0,1.0,1.0,1.0,1.0,1.0
4.0,4.0,4.0,4.0,4.0,4.0
2.0,2.0,2.0,2.0,1.0,2.0
4.0,4.0,4.0,4.0,4.0,4.0
3.0,3.0,4.0,3.0,3.0,3.0
5.0,5.0,5.0,5.0,5.0,5.0
3.0,3.0,3.0,4.0,4.0,3.0
2.0,2.0,2.0,1.0,1.0,1.0
2.0,2.0,2.0,2.0,2.0,2.0
4.0,4.0,4.0,4.0,4.0,4.0
2.0,2.0,2.0,1.0,1.0,1.0
4.0,4.0,4.0,4.0,4.0,4.0
1.0,3.0,1.0,1.0,1.0,1.0
4.0,4.0,4.0,4.0,5.0,4.0
4.0,4.0,4.0,4.0,4.0,4.0
2.0,3.0,3.0,3.0,3.0,3.0
4.0,4.0,4.0,4.0,4.0,4.0
1.0,1.0,1.0,1.0,1.0,1.0
2.0,2.0,2.0,2.0,1.0,2.0
5.0,5.0,5.0,5.0,5.0,5.0
3.0,3.0,3.0,3.0,3.0,2.0
4.0,4.0,4.0,4.0,4.0,4.0
4.0,4.0,4.0,4.0,4.0,4.0
3.0,3.0,3.0,3.0,2.0,2.0
4.0,4.0,4.0,4.0,5.0,4.0
3.0,4.0,4.0,3.0,4.0,3.0
3.0,3.0,3.0,3.0,3.0,3.0
3.0,3.0,3.0,3.0,3.0,3.0
4.0,4.0,4.0,4.0,4.0,4.0
1.0,1.0,1.0,1.0,1.0,1.0
4.0,4.0,4.0,4.0,4.0,4.0
4.0,4.0,4.0,4.0,4.0,4.0
3.0,3.0,3.0,3.0,3.0,3.0
1.0,1.0,1.0,1.0,1.0,1.0
4.0,4.0,4.0,4.0,4.0,4.0
3.0,3.0,3.0,3.0,3.0,3.0
2.0,2.0,2.0,2.0,2.0,2.0
1.0,1.0,1.0,1.0,1.0,1.0
4.0,4.0,4.0,4.0,4.0,4.0
2.0,2.0,2.0,2.0,1.0,2.0
3.0,3.0,4.0,3.0,3.0,3.0
2.0,2.0,2.0,1.0,1.0,3.0
2.0,2.0,2.0,2.0,1.0,2.0
